case_name,segment,phase,when_utc,dt_h,distance_nm,node_from_lat,node_from_lon,node_to_lat,node_to_lon,heading_deg,encounter_angle_deg,speed_sog_kts,speed_stw_kts,speed_stw_power_kts,current_component_kts,wind_speed_ms,wind_dir_deg,current_speed_ms,current_dir_deg,wave_height_m,wave_period_s,wave_dir_deg,P_prop_MW,P_service_MW,P_req_MW,PD_kW,BHP_kW,total_resistance_N,R_calm_N,R_wind_N,R_wave_N,relative_wind_speed_ms,relative_wind_dir_deg,fuel_step_kg,milp_total_dg_MW,milp_P_dc_MW,milp_P_c_MW,milp_SOC,milp_DG1_P_MW,milp_DG1_ON,milp_DG1_Start,milp_DG1_FC_kgh,milp_DG2_P_MW,milp_DG2_ON,milp_DG2_Start,milp_DG2_FC_kgh,milp_DG3_P_MW,milp_DG3_ON,milp_DG3_Start,milp_DG3_FC_kgh,milp_DG4_P_MW,milp_DG4_ON,milp_DG4_Start,milp_DG4_FC_kgh
case1_astar_fixed,0,departure,2025-03-25T06:00:00+00:00,0.5,8.809985846716021,34.95,129.15,34.870000000000566,129.00000000000304,237.00436176676186,357.91291189446747,18.444609212929507,18.80976599418131,18.80976599418131,-0.3651567812518007,0.346811493980437,333.9507925286462,0.2008710985327856,36.26328266282818,0.4931400418281556,4.593048095703125,190.1486147224636,14.711840172445934,2.5,17.211840172445932,14417.603368997014,14711.840172445933,1056470.7267036552,1055773.322457067,697.4042465881981,0.0,9.453045611417911,2.087088105532509,1552.0938075277145,17.2118401724,0.0,0.0,0.7,9.18,1,1,1654.03837755,8.031840172399999,1,1,1450.1492375054293,0.0,0,0,0.0,0.0,0,0,0.0
case1_astar_fixed,1,cruising,2025-03-25T06:30:00+00:00,0.5,8.735045713158954,34.870000000000566,129.00000000000304,34.7925000000007,128.85000000000375,237.85497534695054,358.76017910320155,18.444609212929507,18.66182631170381,18.66182631170381,-0.21721709877430107,0.20622533223330586,323.69435384116076,0.1203311118917571,36.08101947340381,0.4931400418281555,4.593048095703125,190.1486147224636,14.319173464879027,3.5,17.81917346487903,14032.789995581445,14319.173464879026,1037191.1933919981,1036772.25872494,418.93466705802115,0.0,9.505906212175786,1.2398208967984221,1366.3603044,15.120000000000001,2.6991734648999994,0.0,0.5608673471700418,7.5600000000000005,1,0,1366.3603044,7.5600000000000005,1,0,1366.3603044,0.0,0,0,0.0,0.0,0,0,0.0
case1_astar_fixed,2,cruising,2025-03-25T07:00:00+00:00,0.5,8.672447632337754,34.7925000000007,128.85000000000375,34.72062500000072,128.69750000000386,240.20216202601534,357.81179645354905,18.444609212929507,18.568672466882656,18.568672466882656,-0.12406325395314842,0.396674298238199,308.361596273901,0.13580276002520758,358.23468973355665,0.4931400418281556,4.593048095703125,190.1486147224636,14.085856240799197,3.5,17.585856240799195,13804.139115983213,14085.856240799198,1025736.4392710916,1024975.5149483165,760.9243227751431,0.0,9.643323266796761,2.1882035464509553,1585.3025179858785,17.5858562408,0.0,0.0,0.5608673471700418,9.18,1,0,1654.03837755,8.405856240799999,1,0,1516.566658421757,0.0,0,0,0.0,0.0,0,0,0.0
case1_astar_fixed,3,cruising,2025-03-25T07:30:00+00:00,0.5,8.77121840631145,34.72062500000072,128.69750000000386,34.65015625000073,128.54187500000384,241.20397132139814,357.6311833223922,18.444609212929507,18.565723503124218,18.565723503124218,-0.12111429019470976,0.40703886522796107,318.0472444629766,0.12547704729860218,0.9764517258033578,0.5702884793281555,4.583038330078125,192.10174775674994,14.100870535229301,3.5,17.6008705352293,13818.853124524716,14100.870535229302,1026665.64310759,1024604.1486358566,814.5715570165754,1246.9229147169256,9.589561436189685,2.3688166776078385,1390.998213927504,15.397486657203416,2.203383877996582,0.0,0.447290858613467,7.5600000000000005,1,0,1366.3603044,7.837486657203415,1,0,1415.636123455008,0.0,0,0,0.0,0.0,0,0,0.0
case1_astar_fixed,4,cruising,2025-03-25T08:00:00+00:00,0.5,8.659200908465692,34.65015625000073,128.54187500000384,34.57753906250072,128.39046875000378,239.8107228385687,358.7049557121039,18.444609212929507,18.43817989765873,18.43817989765873,0.006429315270775119,0.2163174603855868,338.6333423029035,0.03628065645269905,324.5800959780639,0.5702884793281555,4.583038330078125,192.10174775674994,13.772288894178933,3.5,17.272288894178935,13496.843116295355,13772.288894178933,1010319.3252855658,1008662.9135327738,433.1911182961442,1223.2206344958338,9.457956509307603,1.2950442878960595,1557.4610210498765,17.2722888942,0.0,0.0,0.447290858613467,9.18,1,0,1654.03837755,8.0922888942,1,0,1460.8836645497531,0.0,0,0,0.0,0.0,0,0,0.0
case1_astar_fixed,5,cruising,2025-03-25T08:30:00+00:00,0.5,8.792857523776094,34.57753906250072,128.39046875000378,34.499384765625706,128.2401171875037,237.78938204506787,0.15216986108300656,18.444609212929507,18.430766293661613,18.430766293661613,0.013842919267895317,0.1783840750915739,65.758687049341,0.10098572947170104,323.7455880026014,0.5702884793281555,4.583038330078125,192.10174775674994,13.746770551602586,3.5,17.246770551602587,13471.835140570533,13746.770551602585,1008990.0529241661,1007743.4893273255,49.342741627691275,1197.2208552129005,9.312090055557954,0.15216986108300654,1555.1952594359416,17.2467705516,0.0,0.0,0.447290858613467,9.18,1,0,1654.03837755,8.066770551600001,1,0,1456.3521413218832,0.0,0,0,0.0,0.0,0,0,0.0
case1_astar_fixed,6,cruising,2025-03-25T09:00:00+00:00,0.5,8.811682314691888,34.499384765625706,128.2401171875037,34.41734619140694,128.0925292968786,236.05586637548868,2.0241266717416213,18.444609212929507,18.533362985864223,18.533362985864223,-0.08875377293471748,0.5509862447754593,91.49576439183443,0.1423902509286691,344.7587048957156,0.5173099637031555,4.568634033203125,184.09393877560407,14.009654262940604,3.5,17.509654262940604,13729.461177681791,14009.654262940603,1022080.4101032834,1020537.2757073627,619.2975563784646,923.8368395423059,9.045460688580148,2.0241266717416218,1578.5365802783197,17.5096542629,0.0,0.0,0.447290858613467,9.18,1,0,1654.03837755,8.3296542629,1,0,1503.0347830066394,0.0,0,0,0.0,0.0,0,0,0.0
case1_astar_fixed,7,cruising,2025-03-25T09:30:00+00:00,0.5,9.07487347812186,34.41734619140694,128.0925292968786,34.319336547852245,127.95313232422231,229.61501061281047,4.756795331007032,18.444609212929507,18.530589034652426,18.530589034652426,-0.0859798217229204,0.8690162211647594,109.74443223377932,0.04425271304900316,51.37641099421863,0.5173099637031555,4.568634033203125,184.09393877560407,14.016575952798725,3.5,17.516575952798725,13736.24443374275,14016.575952798725,1022539.4203843856,1020189.3705324447,1468.845006985541,881.2048449553315,9.087210827364812,4.756795331007032,1579.1511538626942,17.5165759528,0.0,0.0,0.447290858613467,9.18,1,0,1654.03837755,8.3365759528,1,0,1504.2639301753886,0.0,0,0,0.0,0.0,0,0,0.0
case1_astar_fixed,8,cruising,2025-03-25T10:00:00+00:00,0.5,9.838256084234573,34.319336547852245,127.95313232422231,34.19733413696355,127.82078308105817,221.91675792874588,6.488537438429833,18.444609212929507,18.469867694208435,18.469867694208435,-0.025258481278928196,1.0756287212631286,120.89736065699609,0.11485984963676993,318.41252560146125,0.5173099637031555,4.568634033203125,184.09393877560407,13.873259452627103,3.5,17.373259452627103,13595.79426357456,13873.259452627102,1015519.0110203173,1012601.618673554,2117.955519859246,799.4368269040565,9.34296799718361,6.488537438429833,1566.4261493478368,17.3732594526,0.0,0.0,0.447290858613467,9.18,1,0,1654.03837755,8.1932594526,1,0,1478.8139211456737,0.0,0,0,0.0,0.0,0,0,0.0
case1_astar_fixed,9,cruising,2025-03-25T10:30:00+00:00,0.5,10.058869681420072,34.19733413696355,127.82078308105817,34.06933353424136,127.6901957702671,220.21645465835618,7.843557667033593,18.444609212929507,18.63034563857169,18.63034563857169,-0.1857364256421836,1.3081510329502737,130.53086870683524,0.12161763017868298,1.9988880983941044,0.7035892605781555,4.801055908203125,195.07048933730766,14.305289703623357,3.5,17.80528970362336,14019.18390955089,14305.289703623357,1037061.7559408628,1032771.3070016624,2694.9445138509054,1595.504425349432,9.585576072281631,7.843557667033593,1604.7859117398712,17.8052897036,0.0,0.0,0.447290858613467,9.18,1,0,1654.03837755,8.6252897036,1,0,1555.5334459297424,0.0,0,0,0.0,0.0,0,0,0.0
case1_astar_fixed,10,cruising,2025-03-25T11:00:00+00:00,0.5,10.12010379688933,34.06933353424136,127.6901957702671,33.939833383560796,127.56004894256928,219.83519144673,8.825603962572803,18.444609212929507,18.67793092725644,18.67793092725644,-0.23332171432693255,1.576351279276439,143.5597733660965,0.12380437353642867,54.017481111513604,0.5634525418281555,4.685821533203125,188.99237220546468,14.428664180260283,3.5,17.928664180260284,14140.090896655076,14428.664180260283,1043123.9410203228,1038824.7282790419,3287.632716038193,1011.5800252427606,9.98089025537134,8.825603962572801,1615.740273385842,17.9286641803,0.0,0.0,0.447290858613467,9.18,1,0,1654.03837755,8.7486641803,1,0,1577.4421692216843,0.0,0,0,0.0,0.0,0,0,0.0
case1_astar_fixed,11,cruising,2025-03-25T11:30:00+00:00,0.5,10.140210124297727,33.939833383560796,127.56004894256928,33.80995834589064,127.43001223564477,219.77266976819524,9.220253054482184,18.444609212929507,18.467599613255725,18.467599613255725,-0.022990400326218855,1.9035985809329639,157.5475640995994,0.10037269962675534,123.00558159700006,0.5634525418281555,4.685821533203125,188.99237220546468,13.900220810521558,3.5,17.40022081052156,13622.216394311126,13900.220810521558,1017130.5292661279,1012319.2257584261,3809.617322517854,1001.6861851837647,10.51160680091555,9.220253054482184,1568.820035610238,17.4002208105,0.0,0.0,0.447290858613467,9.18,1,0,1654.03837755,8.220220810499999,1,0,1483.601693670476,0.0,0,0,0.0,0.0,0,0,0.0
case1_astar_fixed,12,cruising,2025-03-25T12:00:00+00:00,0.5,10.14995655817705,33.80995834589064,127.43001223564477,33.679989586473084,127.30000305891359,219.789030665518,9.620328349844508,18.444609212929507,18.474089689591793,18.474089689591793,-0.029480476662286082,2.298825208357772,166.55403095687203,0.18632282400612124,125.12018073358502,0.5634525418281555,4.685821533203125,188.99237220546468,13.9261757077904,3.5,17.4261757077904,13647.65219363459,13926.175707790399,1018498.098971286,1013127.4846770167,4368.406718980518,1002.2075752887436,11.019615386884892,9.620328349844508,1571.1245587102594,17.4261757078,0.0,0.0,0.447290858613467,9.18,1,0,1654.03837755,8.246175707799999,1,0,1488.210739870519,0.0,0,0,0.0,0.0,0,0,0.0
case1_astar_fixed,13,cruising,2025-03-25T12:30:00+00:00,0.5,10.15709980535931,33.679989586473084,127.30000305891359,33.54999739661868,127.17000076473074,219.82492714443694,9.507718273460535,18.444609212929507,18.966565788088378,18.966565788088378,-0.5219565751588718,2.476589497040943,171.05527039077396,0.3327988053918565,76.03600266460059,0.8161380887031555,4.955596923828125,196.03924207628674,15.242083728325175,3.5,18.742083728325177,14937.242053758671,15242.083728325175,1083061.066480575,1076278.7766927877,4520.423819305856,2261.8659684814515,11.275901571370795,9.507718273460535,1654.03837755,18.36,0.3820837282999996,0.0,0.42759582107222127,9.18,1,0,1654.03837755,9.18,1,0,1654.03837755,0.0,0,0,0.0,0.0,0,0,0.0
case1_astar_fixed,14,cruising,2025-03-25T13:00:00+00:00,0.5,10.163580950315438,33.54999739661868,127.17000076473074,33.41999934915506,127.04000019118499,219.8655580464621,8.614672910775937,18.444609212929507,18.731186170888282,18.731186170888282,-0.2865769579587755,2.5753378206557977,177.75416143967647,0.15054152650008396,28.192050712693394,0.7494876980781555,5.030303955078125,188.85955254768464,14.605851721779048,3.5,18.105851721779047,14313.734687343467,14605.851721779049,1052106.9247735587,1045639.5427512017,4281.973135871364,2185.408886485677,11.529286304467837,8.614672910775937,1631.472671695998,18.1058517218,0.0,0.0,0.42759582107222127,9.18,1,0,1654.03837755,8.9258517218,1,0,1608.9069658419965,0.0,0,0,0.0,0.0,0,0,0.0
case1_astar_fixed,15,cruising,2025-03-25T13:30:00+00:00,0.5,10.136823706571935,33.41999934915506,127.04000019118499,33.29249983728915,126.9075000477985,220.99533570180247,6.4625909515472415,18.444609212929507,18.610993374326465,18.610993374326465,-0.16638416139695714,2.7150058306497953,191.3684851012071,0.10063373772600832,9.26829259759019,0.7494876980781555,5.030303955078125,188.85955254768464,14.2770712177088,3.5,17.7770712177088,13991.529793354623,14277.071217708799,1035850.6131196811,1030319.0626736818,3436.297702484113,2095.2527435152992,11.924547500548869,6.46259095154724,1602.2804056747718,17.7770712177,0.0,0.0,0.42759582107222127,9.18,1,0,1654.03837755,8.597071217700002,1,0,1550.5224337995435,0.0,0,0,0.0,0.0,0,0,0.0
case1_astar_fixed,16,cruising,2025-03-25T14:00:00+00:00,0.5,10.107378260026902,33.29249983728915,126.9075000477985,33.168124959322654,126.77187501195182,222.40627019309832,2.5212843974866006,18.444609212929507,18.642057213272597,18.642057213272597,-0.19744800034309049,3.137293356064233,212.23917029906642,0.12965682653782132,80.83135367914257,0.7494876980781555,5.030303955078125,188.85955254768464,14.324106107182867,3.5,17.824106107182867,14037.62398503921,14324.106107182868,1037893.6478078164,1034258.0412586833,1494.1701494257013,2141.436399707357,12.588934122540879,2.521284397486601,1606.456611348285,17.8241061072,0.0,0.0,0.42759582107222127,9.18,1,0,1654.03837755,8.644106107199999,1,0,1558.87484514657,0.0,0,0,0.0,0.0,0,0,0.0
case1_astar_fixed,17,cruising,2025-03-25T14:30:00+00:00,0.5,10.163204116566357,33.168124959322654,126.77187501195182,33.039531239831014,126.6404687529901,220.59954746961418,357.91079983539913,18.444609212929507,18.817980690068577,18.817980690068577,-0.3733714771390687,3.171625586161416,228.95018798922786,0.23477960521901398,75.7021581644847,0.9140384793281555,4.945587158203125,197.5704896607124,14.794555520952542,3.5,18.294555520952542,14498.66441053349,14794.555520952543,1060989.1093285654,1056838.1421084607,1247.2079395777484,2903.7592805270606,12.635116740183971,2.0892001646008653,1648.2275931003005,18.294555521,0.0,0.0,0.42759582107222127,9.18,1,0,1654.03837755,9.114555521,1,0,1642.4168086506013,0.0,0,0,0.0,0.0,0,0,0.0
case1_astar_fixed,18,cruising,2025-03-25T15:00:00+00:00,0.5,10.18333961057205,33.039531239831014,126.6404687529901,32.909882809958084,126.51011718824961,220.18180579789328,357.40782500844864,18.444609212929507,18.762458663020393,18.762458663020393,-0.3178494500908856,2.404559852446903,233.05464150973728,0.16366317766007005,37.74962823473764,0.8981693387031556,5.038116455078125,193.0861147850471,14.65026978620972,3.5,18.15026978620972,14357.264390485525,14650.26978620972,1053973.2024181078,1049661.248355509,1359.9788568252154,2951.975205773401,11.844964712174965,2.592174991551388,1635.4165307020612,18.1502697862,0.0,0.0,0.42759582107222127,9.18,1,0,1654.03837755,8.9702697862,1,0,1616.7946838541225,0.0,0,0,0.0,0.0,0,0,0.0
case1_astar_fixed,19,cruising,2025-03-25T15:30:00+00:00,0.5,10.193084031619678,32.909882809958084,126.51011718824961,32.77997070248985,126.38002929706444,220.10847224329032,1.2390482182020797,18.444609212929507,18.724840096464735,18.724840096464735,-0.28023088353522746,2.3572580949355486,213.87592792400312,0.15416552407842313,19.35583623027746,0.8981693387031555,5.038116455078125,193.0861147850471,14.538729408596677,3.5,18.038729408596677,14247.954820424744,14538.729408596677,1048418.3537629092,1044825.2291439871,648.949905104405,2944.174713817744,11.834811199083735,1.2390482182020797,1625.51291313836,18.0387294086,0.0,0.0,0.42759582107222127,9.18,1,0,1654.03837755,8.858729408599999,1,0,1596.98744872672,0.0,0,0,0.0,0.0,0,0,0.0
case1_astar_fixed,20,cruising,2025-03-25T16:00:00+00:00,0.5,10.055842528144485,32.77997070248985,126.38002929706444,32.65499267562277,126.24750732426811,221.7729857733485,6.041644260212704,18.444609212929507,18.585019578572762,18.585019578572762,-0.1404103656432554,3.740529226552059,200.24585617071932,0.08294863728312656,12.32696745640041,0.8981693387031555,5.038116455078125,193.0861147850471,14.233258775355651,3.5,17.73325877535565,13948.593599848538,14233.25877535565,1033881.245483541,1027036.4307237476,3842.0320390874963,3002.782720705927,13.040755945681038,6.041644260212704,1598.390319569568,17.7332587754,0.0,0.0,0.42759582107222127,9.18,1,0,1654.03837755,8.5532587754,1,0,1542.742261589136,0.0,0,0,0.0,0.0,0,0,0.0
case1_astar_fixed,21,cruising,2025-03-25T16:30:00+00:00,0.5,9.107020496360308,32.65499267562277,126.24750732426811,32.56874816890599,126.09937683106897,235.38798844242933,13.099554820096213,18.444609212929507,18.528297500221488,18.528297500221488,-0.08368828729198226,4.7466992420517915,195.34799451536838,0.06771676452111648,4.865818183405906,0.9345462918281555,4.916046142578125,189.33612261412114,14.198134865056328,3.5,17.69813486505633,13914.172167755201,14198.134865056329,1033046.4795200696,1019902.0535414068,8892.212811410971,4252.213167251824,13.473378387112948,13.099554820096213,1595.2716841261736,17.6981348651,0.0,0.0,0.42759582107222127,9.18,1,0,1654.03837755,8.518134865099999,1,0,1536.5049907023472,0.0,0,0,0.0,0.0,0,0,0.0
case1_astar_fixed,22,cruising,2025-03-25T17:00:00+00:00,0.5,8.801423698569497,32.56874816890599,126.09937683106897,32.547187042226795,125.92734420776911,261.5883763119458,23.54332100974166,18.444609212929507,18.40386484334012,18.40386484334012,0.04074436958938797,5.293377809787777,192.31771181401115,0.05205578776533864,327.8439073786613,0.9345462918281555,4.916046142578125,189.33612261412114,13.80331680180717,3.5,17.30331680180717,13527.250465771027,13803.31680180717,1012843.1423141138,1004413.7628130567,3163.5420823155328,5265.837418741529,12.394029258071964,23.54332100974166,1560.2159743437792,17.3033168018,0.0,0.0,0.42759582107222127,9.18,1,0,1654.03837755,8.123316801800001,1,0,1466.3935711375584,0.0,0,0,0.0,0.0,0,0,0.0
case1_astar_fixed,23,cruising,2025-03-25T17:30:00+00:00,0.5,9.01525564804801,32.547187042226795,125.92734420776911,32.541796760557,125.74933605194407,267.99060214101405,26.341539343724957,18.444609212929507,18.452600943747832,18.452600943747832,-0.007991730818325358,5.363093973557671,189.9229493300457,0.08385743496828384,0.800782208336912,0.9345462918281555,4.916046142578125,189.33612261412114,13.896184295335626,3.5,17.396184295335626,13618.260609428913,13896.184295335626,1017211.2827469001,1010453.6321711689,1254.1193707472453,5503.53120498396,11.82547176130646,26.341539343724957,1568.4616353278377,17.3961842953,0.0,0.0,0.42759582107222127,9.18,1,0,1654.03837755,8.2161842953,1,0,1482.8848931056755,0.0,0,0,0.0,0.0,0,0,0.0
case1_astar_fixed,24,cruising,2025-03-25T18:00:00+00:00,0.5,9.08575510118753,32.541796760557,125.74933605194407,32.54044919013955,125.56983401298776,269.5380517218537,27.270715156943425,18.444609212929507,18.464382123579977,18.464382123579977,-0.019772910650468573,5.330977443113927,187.6254134119721,0.13411530801851596,3.887861408975013,0.9242923855781555,4.925323486328125,184.9533129359958,13.91663269801607,3.5,17.41663269801607,13638.300044055748,13916.63269801607,1018149.0733388877,1011918.7507308379,677.7056754265119,5552.616932623148,11.519016589650734,27.270715156943425,1570.2772393672612,17.416632698,0.0,0.0,0.42759582107222127,9.18,1,0,1654.03837755,8.236632698000001,1,0,1486.5161011845225,0.0,0,0,0.0,0.0,0,0,0.0
case1_astar_fixed,25,cruising,2025-03-25T18:30:00+00:00,0.5,8.791096196091429,32.54044919013955,125.56983401298776,32.522612297535176,125.3974585032486,263.0491774468203,26.06565537949791,18.444609212929507,18.416690055006928,18.416690055006928,0.027919157922577188,5.388701660555521,186.29432508086677,0.11515880594700088,345.8844721745055,0.9242923855781555,4.925323486328125,184.9533129359958,13.806407168297053,3.5,17.306407168297053,13530.279024931113,13806.407168297053,1012754.6793215974,1005999.9236726186,1441.3450342781305,5313.41061470081,11.937518404558114,26.065655379497912,1560.4903665289792,17.3064071683,0.0,0.0,0.42759582107222127,9.18,1,0,1654.03837755,8.126407168300002,1,0,1466.9423555079584,0.0,0,0,0.0,0.0,0,0,0.0
case1_astar_fixed,26,cruising,2025-03-25T19:00:00+00:00,0.5,8.705845011117049,32.522612297535176,125.3974585032486,32.46565307438408,125.23936462581375,246.91220050237763,22.20830637381351,18.444609212929507,18.474778196066,18.474778196066,-0.030168983136496037,5.592404881381565,184.81387697991266,0.11602406464220699,344.59955857438433,0.9242923855781555,4.925323486328125,184.9533129359958,13.994826510445835,3.5,17.494826510445833,13714.929980236919,13994.826510445835,1022452.494439909,1013213.2650700037,4469.481581941611,4769.747787963658,13.07572862393856,22.20830637381351,1577.2200311214228,17.4948265104,0.0,0.0,0.42759582107222127,9.18,1,0,1654.03837755,8.3148265104,1,0,1500.4016846928457,0.0,0,0,0.0,0.0,0,0,0.0
case1_astar_fixed,27,cruising,2025-03-25T19:30:00+00:00,0.5,9.022594079223907,32.46565307438408,125.23936462581375,32.3989132685963,125.07984115645499,243.6759298828096,22.69050508256703,18.444609212929507,18.482216459826763,18.482216459826763,-0.03760724689725446,6.01924156923326,183.53314985829218,0.06242289912877352,351.73103206518334,0.9093998074531555,4.940216064453125,180.32049110696425,14.010305601089362,3.5,17.510305601089364,13730.099489067574,14010.305601089362,1023193.4091101396,1014140.4250322947,4420.466302859065,4632.517774985815,13.5327469180147,22.69050508256703,1578.5944122901544,17.5103056011,0.0,0.0,0.42759582107222127,9.18,1,0,1654.03837755,8.330305601100001,1,0,1503.150447030309,0.0,0,0,0.0,0.0,0,0,0.0
case1_astar_fixed,28,cruising,2025-03-25T20:00:00+00:00,0.5,8.997635072562963,32.3989132685963,125.07984115645499,32.329728317149346,124.92246028911524,242.54752260293816,24.02235694109327,18.444609212929507,18.415142513847865,18.415142513847865,0.029466699081641422,6.3848642387108905,181.2969009574836,0.015239905434404353,236.63983502424136,0.9093998074531555,4.940216064453125,180.32049110696425,13.825587680564352,3.5,17.325587680564354,13549.075926953066,13825.587680564353,1013900.6064602039,1005808.4076136225,3517.6841743922687,4574.51467218911,13.750699558003308,24.02235694109327,1562.1933951772796,17.3255876806,0.0,0.0,0.42759582107222127,9.18,1,0,1654.03837755,8.145587680600002,1,0,1470.3484128045593,0.0,0,0,0.0,0.0,0,0,0.0
case1_astar_fixed,29,cruising,2025-03-25T20:30:00+00:00,0.5,8.7722470559778,32.329728317149346,124.92246028911524,32.259932079287594,124.77061507228024,241.50457898306576,25.361386939111373,18.444609212929507,18.383597712451575,18.383597712451575,0.061011500477931996,6.738824846494009,179.05007486761082,0.0625151162425389,181.64166192552665,0.9093998074531555,4.940216064453125,180.32049110696425,13.729497309091366,3.5,17.229497309091364,13454.907362909538,13729.497309091366,1008975.2203538873,1001911.959904328,2537.5404330486845,4525.720016510624,13.949501968941643,25.361386939111377,1553.661576374382,17.2294973091,0.0,0.0,0.42759582107222127,9.18,1,0,1654.03837755,8.049497309100001,1,0,1453.2847751987642,0.0,0,0,0.0,0.0,0,0,0.0
case1_astar_fixed,30,cruising,2025-03-25T21:00:00+00:00,0.5,8.83167230496912,32.259932079287594,124.77061507228024,32.18998301982215,124.61765376807142,241.6465814529748,27.099622476187555,18.444609212929507,18.7338461132522,18.7338461132522,-0.28923690032269206,7.085475592525274,176.95396954149194,0.15189792579341319,73.24519438453052,0.9093998074531555,4.940216064453125,180.32049110696425,14.60026772055448,3.5,18.10026772055448,14308.26236614339,14600.26772055448,1051732.8943385314,1045981.0411247676,1150.410791295008,4601.442422468787,14.061285086558748,27.099622476187555,1630.9768708609108,18.1002677206,0.0,0.0,0.42759582107222127,9.18,1,0,1654.03837755,8.920267720600002,1,0,1607.9153641718217,0.0,0,0,0.0,0.0,0,0,0.0
case1_astar_fixed,31,cruising,2025-03-25T21:30:00+00:00,0.5,9.074983372195636,32.18998301982215,124.61765376807142,32.11999575495578,124.45941344201916,242.45877287346286,28.764692638101863,18.444609212929507,18.916022349021997,18.916022349021997,-0.47141313609248886,7.289344404207976,174.90850947551579,0.24264637525584754,64.33953723463776,0.9406498074531555,4.769805908203125,175.83611714458436,15.0749571487941,3.5,18.5749571487941,14773.458005818216,15074.9571487941,1074746.7380842678,1069627.1077922343,-215.54937631142428,5335.179668345062,13.999855719323602,28.764692638101863,1654.03837755,18.36,0.21495714879999994,0.0,0.4165155556701545,9.18,1,0,1654.03837755,9.18,1,0,1654.03837755,0.0,0,0,0.0,0.0,0,0,0.0
case1_astar_fixed,32,cruising,2025-03-25T22:00:00+00:00,0.5,9.027539493647048,32.11999575495578,124.45941344201916,32.049998938739186,124.30235336050605,242.29684364530152,30.01103233118553,18.444609212929507,18.796712360715567,18.796712360715567,-0.3521031477860588,7.482752590875578,172.92137500988014,0.18154864560911257,66.15428431879671,0.9406498074531555,4.769805908203125,175.83611714458436,14.736351098604494,3.5,18.236351098604494,14441.624076632404,14736.351098604495,1058138.642668577,1054083.388739509,-1245.190336371312,5300.4442654391105,14.001678711843356,30.01103233118553,1643.0596498642387,18.2363510986,0.0,0.0,0.4165155556701545,9.18,1,0,1654.03837755,9.0563510986,1,0,1632.0809221784775,0.0,0,0,0.0,0.0,0,0,0.0
case1_astar_fixed,33,cruising,2025-03-25T22:30:00+00:00,0.5,8.795300491499273,32.049998938739186,124.30235336050605,31.979999734685027,124.1505883401277,241.49554311146665,30.877530588192588,18.444609212929507,18.626713776185944,18.626713776185944,-0.18210456325643926,7.663937591048994,171.16846005386884,0.0952616655019912,51.0488132106392,0.9406498074531556,4.769805908203125,175.83611714458436,14.258166528065384,3.5,17.758166528065384,13973.003197504077,14258.166528065385,1034432.4698428755,1032310.6698878913,-3106.8053941357985,5228.605349120015,14.061819272800522,30.877530588192595,1600.6018671940224,17.7581665281,0.0,0.0,0.4165155556701545,9.18,1,0,1654.03837755,8.578166528099999,1,0,1547.1653568380448,0.0,0,0,0.0,0.0,0,0,0.0
case1_astar_fixed,34,cruising,2025-03-25T23:00:00+00:00,0.5,8.741301728626334,31.979999734685027,124.1505883401277,31.90999993367148,124.00014708503305,241.30213770349002,31.620811599239918,18.444609212929507,18.611574506552458,18.611574506552458,-0.16696529362295043,7.824346544788151,170.20036445416662,0.08800631786568824,48.72439955368975,0.9355228543281555,4.727569580078125,172.12517979596387,14.191948622774971,3.5,17.691948622774973,13908.109650319471,14191.948622774971,1030943.9572396943,1030392.6210565413,-4732.826240121785,5284.162423274686,14.119102193933166,31.620811599239918,1594.7224105876232,17.6919486228,0.0,0.0,0.4165155556701545,9.18,1,0,1654.03837755,8.511948622799999,1,0,1535.4064436252465,0.0,0,0,0.0,0.0,0,0,0.0
case1_astar_fixed,35,cruising,2025-03-25T23:30:00+00:00,0.5,8.731627103001586,31.90999993367148,124.00014708503305,31.839999983418085,123.85003677125934,241.26708881199102,32.02477052384573,18.444609212929507,18.675463129454965,18.675463129454965,-0.23085391652545953,7.900396179036528,169.6815457929892,0.11923253997059491,56.17198922836663,0.9355228543281555,4.727569580078125,172.12517979596387,14.341676100570307,3.5,17.841676100570307,14054.8425785589,14341.676100570307,1038192.4661713891,1038509.9662913863,-5615.791148131274,5298.291028134111,14.135521369261712,32.02477052384574,1608.0166427824117,17.8416761006,0.0,0.0,0.4165155556701545,9.18,1,0,1654.03837755,8.661676100600001,1,0,1561.9949080148235,0.0,0,0,0.0,0.0,0,0,0.0
case1_astar_fixed,36,cruising,2025-03-26T00:00:00+00:00,0.5,8.845051602072948,31.839999983418085,123.85003677125934,31.769999995854725,123.69750919281586,241.6703224428769,32.26960130190947,18.444609212929507,18.666971520870185,18.666971520870185,-0.22236230794067713,7.9754466512464255,169.96534979695645,0.12834049226638014,34.710411255620315,0.9355228543281555,4.727569580078125,172.12517979596385,14.309964992225755,3.5,17.809964992225755,14023.76569238124,14309.964992225754,1036552.826580357,1037427.5750856585,-6185.527131875414,5310.77862657397,14.182909645061667,32.26960130190947,1605.2010284114356,17.8099649922,0.0,0.0,0.4165155556701545,9.18,1,0,1654.03837755,8.629964992200001,1,0,1556.3636792728712,0.0,0,0,0.0,0.0,0,0,0.0
case1_astar_fixed,37,cruising,2025-03-26T00:30:00+00:00,0.5,8.99005447258024,31.769999995854725,123.69750919281586,31.699999998963875,123.54187729820492,242.16894629223935,32.60051316314554,18.444609212929507,18.65781386205447,18.65781386205447,-0.2132046491249636,8.15421689491045,170.7427098768307,0.11210949826005527,50.22367809663847,0.9272220730781555,4.676300048828125,169.00799053365623,14.271066057473236,3.5,17.771066057473234,13985.644736323771,14271.066057473236,1034512.538474057,1036261.489019559,-7064.647048234071,5315.6965027320875,14.346344131326601,32.60051316314554,1601.7472103305454,17.7710660575,0.0,0.0,0.4165155556701545,9.18,1,0,1654.03837755,8.5910660575,1,0,1549.4560431110908,0.0,0,0,0.0,0.0,0,0,0.0
case1_astar_fixed,38,cruising,2025-03-26T01:00:00+00:00,0.5,8.805091944478972,31.699999998963875,123.54187729820492,31.629999999741155,123.39046932455213,241.5293545525331,32.13632117113339,18.444609212929507,18.801149902001214,18.801149902001214,-0.35654068907170683,8.295628833523647,171.91629830653568,0.1849737356592082,68.96031727848728,0.9823978543281554,4.551300048828125,170.2111144391863,14.67504084137079,3.5,18.175040841370787,14381.540024543372,14675.040841370788,1054561.619438459,1054657.583723986,-6263.467901461222,6167.5036159340525,14.618318314442782,32.13632117113339,1637.6159410199095,18.1750408414,0.0,0.0,0.4165155556701545,9.18,1,0,1654.03837755,8.995040841400002,1,0,1621.1935044898191,0.0,0,0,0.0,0.0,0,0,0.0
case1_astar_fixed,39,cruising,2025-03-26T01:30:00+00:00,0.5,8.875184364384312,31.629999999741155,123.39046932455213,31.55999999993547,123.23761733113886,241.77516161929572,32.06457276882048,18.444609212929507,18.844478646571503,18.844478646571503,-0.39986943364199495,8.425497793568418,172.9933600818914,0.2072479159908491,68.75856053357859,0.9823978543281555,4.551300048828125,170.21111443918633,14.79101435779,3.5,18.29101435779,14495.194070634201,14791.014357790002,1060226.0820537265,1060279.9759804127,-6246.182365090557,6192.288438404502,14.795062215838039,32.06457276882048,1647.913174888546,18.2910143578,0.0,0.0,0.4165155556701545,9.18,1,0,1654.03837755,9.111014357800002,1,0,1641.7879722270923,0.0,0,0,0.0,0.0,0,0,0.0
case1_astar_fixed,40,cruising,2025-03-26T02:00:00+00:00,0.5,9.009607133681353,31.55999999993547,123.23761733113886,31.489999999984036,123.08190433278548,242.2344619970006,32.24729343213968,18.444609212929507,18.71343773017281,18.71343773017281,-0.2688285172433035,8.582381066242007,173.8356666839751,0.13840429271507187,59.98056079598504,0.9750736355781554,4.363800048828125,167.750184102552,14.436125592861492,3.5,17.936125592861494,14147.403081004262,14436.125592861492,1042796.6799761307,1043363.6284382048,-6823.455450957109,6256.506988883037,14.955041358164735,32.24729343213968,1616.4027686944055,17.9361255929,0.0,0.0,0.4165155556701545,9.18,1,0,1654.03837755,8.756125592900002,1,0,1578.767159838811,0.0,0,0,0.0,0.0,0,0,0.0
case1_astar_fixed,41,cruising,2025-03-26T02:30:00+00:00,0.5,8.821332900717795,31.489999999984036,123.08190433278548,31.419999999996172,122.93047608319708,241.5864071761935,31.996078240172,18.444609212929507,18.909187729831444,18.909187729831444,-0.4645785169019374,8.720223508418913,174.3816017607267,0.25880283131986437,84.1459242908067,0.9750736355781554,4.363800048828125,167.750184102552,14.963636184506612,3.5,18.463636184506612,14664.36346081648,14963.636184506611,1068616.553795477,1068730.7272998071,-6398.315405440374,6284.141901110066,15.172154273057275,31.996078240172,1654.03837755,18.36,0.1036361845000009,0.0,0.4111734843041727,9.18,1,0,1654.03837755,9.18,1,0,1654.03837755,0.0,0,0,0.0,0.0,0,0,0.0
case1_astar_fixed,42,cruising,2025-03-26T03:00:00+00:00,0.5,8.890892355209868,31.419999999996172,122.93047608319708,31.3499999999992,122.77761902079993,241.82933538561497,32.251585939352566,18.444609212929507,19.19141176650858,19.19141176650858,-0.7468025535790712,8.75983136204774,174.26488765019474,0.39753725579417926,76.71946811565724,0.9750736355781555,4.363800048828125,167.750184102552,15.734361291282536,3.5,19.234361291282536,15419.674065456884,15734.361291282536,1105707.3212429404,1106363.060477639,-7034.31091325011,6378.571678551278,15.172824278686093,32.251585939352566,1654.03837755,18.36,0.8743612913000014,0.0,0.3661033146495136,9.18,1,0,1654.03837755,9.18,1,0,1654.03837755,0.0,0,0,0.0,0.0,0,0,0.0
case1_astar_fixed,43,cruising,2025-03-26T03:30:00+00:00,0.5,9.025469055095984,31.3499999999992,122.77761902079993,31.279999999999948,122.62190475520059,242.28731036701532,32.67423641743318,18.444609212929507,19.196481251805046,19.196481251805046,-0.7518720388755408,8.755927942820374,173.80702184063435,0.39088717040100546,53.99048249907197,0.9750736355781556,4.363800048828125,167.750184102552,15.73181738156568,3.5,19.23181738156568,15417.181033934365,15731.81738156568,1105456.891191786,1107050.7969226877,-7995.515912311991,6401.610181410267,15.088238490757684,32.67423641743318,1654.03837755,18.36,0.8718173815999997,0.0,0.32116427436083406,9.18,1,0,1654.03837755,9.18,1,0,1654.03837755,0.0,0,0,0.0,0.0,0,0,0.0
case1_astar_fixed,44,cruising,2025-03-26T04:00:00+00:00,0.5,8.949687762716888,31.279999999999948,122.62190475520059,31.21000000000013,122.46797618880069,242.03118034748957,32.568939746162826,18.444609212929507,19.039013582494782,19.039013582494782,-0.5944043695652756,8.679928519080951,173.41346479122285,0.3650755184420292,28.918872673177823,0.8508060574531555,4.032257080078125,163.79706138129842,15.269993167481262,3.5,18.76999316748126,14964.593304131637,15269.993167481261,1083080.0761300018,1085883.5712027391,-7661.053332690765,4857.558259953511,15.014427741246504,32.568939746162826,1654.03837755,18.36,0.4099931675000015,0.0,0.30003060593298964,9.18,1,0,1654.03837755,9.18,1,0,1654.03837755,0.0,0,0,0.0,0.0,0,0,0.0
case1_astar_fixed,45,cruising,2025-03-26T04:30:00+00:00,0.5,9.162065047715956,31.21000000000013,122.46797618880069,31.140000000000164,122.30949404720066,242.73642983101814,32.75784409100731,18.444609212929507,18.896820246374602,18.896820246374602,-0.4522110334450964,8.579422675112491,173.2205225789717,0.29853441109210693,23.929707980775817,0.7756107449531555,3.583038330078125,169.83612314934834,14.860593755060588,3.5,18.360593755060588,14563.381879959377,14860.593755060589,1063049.5837899349,1067110.549993016,-7947.668971312586,3886.7027682316184,14.853252307640975,32.757844091007314,1654.03837755,18.36,0.0005937550999988161,0.0,0.3,9.18,1,0,1654.03837755,9.18,1,0,1654.03837755,0.0,0,0,0.0,0.0,0,0,0.0
case1_astar_fixed,46,cruising,2025-03-26T05:00:00+00:00,0.5,9.105255985594994,31.140000000000164,122.30949404720066,31.070000000000125,122.15237351180046,242.5512969821147,32.472041422623924,18.444609212929507,18.690717154877028,18.690717154877028,-0.24610794194752258,8.413588446322587,172.81484243111728,0.14597976819322112,32.69807412109716,0.7756107449531554,3.583038330078125,169.83612314934834,14.32973727596956,3.5,17.82973727596956,14043.142530450168,14329.737275969559,1037181.2063714595,1040457.0395501587,-7118.454259368958,3842.6210806698614,14.701142842450576,32.472041422623924,1606.9566001723488,17.829737276,0.0,0.0,0.3,9.18,1,0,1654.03837755,8.649737276,1,0,1559.8748227946974,0.0,0,0,0.0,0.0,0,0,0.0
case1_astar_fixed,47,approach,2025-03-26T05:30:00+00:00,0.5,8.89457055520672,31.070000000000125,122.15237351180046,31.0,122.0,241.8415205196987,31.13036385043418,18.444609212929507,18.5919584832952,18.5919584832952,-0.14734927036569267,8.008725302312182,172.93885504488009,0.09032809081209409,28.89680833917192,0.6213138699531555,3.343048095703125,165.59393428700443,14.100590074215662,2.5,16.60059007421566,13818.578272731347,14100.590074215661,1026092.235403195,1027912.4166116567,-3852.4832914628378,2032.302083001256,14.452785470808063,31.13036385043418,1497.8211993601453,16.6005900742,0.0,0.0,0.3,7.5600000000000005,1,0,1366.3603044,9.040590074199999,1,0,1629.282094320291,0.0,0,0,0.0,0.0,0,0,0.0
