case_name,segment,phase,when_utc,dt_h,distance_nm,node_from_lat,node_from_lon,node_to_lat,node_to_lon,heading_deg,encounter_angle_deg,speed_sog_kts,speed_stw_kts,speed_stw_power_kts,current_component_kts,wind_speed_ms,wind_dir_deg,current_speed_ms,current_dir_deg,wave_height_m,wave_period_s,wave_dir_deg,P_prop_MW,P_service_MW,P_req_MW,PD_kW,BHP_kW,total_resistance_N,R_calm_N,R_wind_N,R_wave_N,relative_wind_speed_ms,relative_wind_dir_deg,fuel_step_kg,milp_total_dg_MW,milp_P_dc_MW,milp_P_c_MW,milp_SOC,milp_DG1_P_MW,milp_DG1_ON,milp_DG1_Start,milp_DG1_FC_kgh,milp_DG1_StartFuel_kg,milp_DG2_P_MW,milp_DG2_ON,milp_DG2_Start,milp_DG2_FC_kgh,milp_DG2_StartFuel_kg,milp_DG3_P_MW,milp_DG3_ON,milp_DG3_Start,milp_DG3_FC_kgh,milp_DG3_StartFuel_kg,milp_DG4_P_MW,milp_DG4_ON,milp_DG4_Start,milp_DG4_FC_kgh,milp_DG4_StartFuel_kg,milp_StartFuel_kg,milp_FuelWithStart_kg,milp_ESS_N1_reserve_MW,milp_N1_largest_output_MW,milp_N1_min_margin_MW
case1_astar_fixed,0,departure,2024-09-14T06:00:00+00:00,0.5,9.529887086594815,31.0,122.0,31.08000000000017,122.1600000000006,59.69257147161935,6.634966670075226,17.98448805185814,18.09141712493935,18.09141712493935,-0.10692907308120969,7.31058272359463,44.64923425969164,0.06231595613909797,211.6677025613315,0.7194396257400513,3.737545967102051,62.890707801684854,13.47852060646945,2.5,15.97852060646945,13208.950194340061,13478.52060646945,974164.9719870395,966476.9426692536,6691.040110171488,996.9892076144105,16.422047160677856,6.634966670075222,1652.7406604588728,18.345384345323183,0.0,2.366863738823182,0.8124260275941011,9.18,1,1,1654.03837755,170.0,9.165384345323183,1,1,1651.4429433677453,170.0,0.0,0,0,0.0,0.0,0.0,0,0,0.0,0.0,340.0,1992.7406604588728,8.5,9.18,0.9546156546768181
case1_astar_fixed,1,cruising,2024-09-14T06:30:00+00:00,0.5,9.523907218330455,31.08000000000017,122.1600000000006,31.16000000000018,122.32000000000068,59.67148004185809,7.392040414157248,17.98448805185814,18.120636830430165,18.120636830430165,-0.13614877857202573,7.381426723822637,42.999283571546584,0.0728428093119031,223.72842257519378,0.7412637770175934,3.757535934448242,61.91507715285396,13.562078757179176,3.5,17.062078757179176,13290.837182035591,13562.078757179175,978524.3593606114,969968.3377243658,7488.94860980788,1067.073026437765,16.45993477906186,7.392040414157256,1538.7965620471734,17.0620787572,0.0,0.0,0.8124260275941011,9.18,1,0,1654.03837755,0.0,7.882078757199999,1,0,1423.554746544347,0.0,0.0,0,0,0.0,0.0,0.0,0,0,0.0,0.0,0.0,1538.7965620471734,8.5,9.18,2.2379212428000024
case1_astar_fixed,2,cruising,2024-09-14T07:00:00+00:00,0.5,9.078243193853506,31.16000000000018,122.32000000000068,31.240000000000194,122.47000000000075,58.01696376320448,7.101285743627686,17.98448805185814,18.203042151766766,18.203042151766766,-0.21855409990862676,7.477173879768439,42.11671185978497,0.13784684142405698,202.66797822548943,0.9114033579826355,4.341979026794434,64.83007223324148,13.773995015675776,3.5,17.273995015675776,13498.515115362261,13773.995015675777,989170.0197340221,979876.7137865224,7291.110797658359,2002.1951498413143,16.570217384754127,7.101285743627684,1557.6125067738517,17.2739950157,0.0,0.0,0.8124260275941011,9.18,1,0,1654.03837755,0.0,8.0939950157,1,0,1461.1866359977034,0.0,0.0,0,0,0.0,0.0,0.0,0,0,0.0,0.0,0.0,1557.6125067738517,8.5,9.18,2.026004984300002
case1_astar_fixed,3,cruising,2024-09-14T07:30:00+00:00,0.5,9.761094846921786,31.240000000000194,122.47000000000075,31.34000000000021,122.62000000000083,52.00191443512407,5.133695348294394,17.98448805185814,18.573965588188756,18.573965588188756,-0.589477536330615,7.472737443144808,40.50762460915155,0.30371809001108246,228.83131506161274,0.9283331632614136,4.357091903686523,64.0674775020822,14.688156683122347,3.5,18.188156683122347,14394.3935494599,14688.156683122348,1033436.359460399,1025642.4022998165,5316.4587816634175,2477.4983789190474,16.641636457072703,5.13369534829439,1638.780490423612,18.1881566831,0.0,0.0,0.8124260275941011,9.18,1,0,1654.03837755,0.0,9.008156683100001,1,0,1623.5226032972241,0.0,0.0,0,0,0.0,0.0,0.0,0,0,0.0,0.0,0.0,1638.780490423612,8.5,9.18,1.1118433169
case1_astar_fixed,4,cruising,2024-09-14T08:00:00+00:00,0.5,9.754650196742341,31.34000000000021,122.62000000000083,31.440000000000225,122.7700000000009,51.97226548562392,6.042362426288379,17.98448805185814,18.4837143529492,18.4837143529492,-0.49922630109106053,7.44253471817615,38.41083417773325,0.28008490614117504,255.4880151193456,0.9824944138526917,4.933728218078613,81.03144567304082,14.488328868350058,3.5,17.98832886835006,14198.562290983056,14488.328868350058,1024292.0738044187,1014327.2295055847,6210.5718585235245,3754.272440310397,16.579150010874073,6.042362426288379,1621.0378729252566,17.9883288684,0.0,0.0,0.8124260275941011,9.18,1,0,1654.03837755,0.0,8.8083288684,1,0,1588.0373683005134,0.0,0.0,0,0,0.0,0.0,0.0,0,0,0.0,0.0,0.0,1621.0378729252566,8.5,9.18,1.3116711316000007
case1_astar_fixed,5,cruising,2024-09-14T08:30:00+00:00,0.5,9.390648828842421,31.440000000000225,122.7700000000009,31.53000000000024,122.92000000000098,54.831250709292995,7.711696385105572,17.98448805185814,18.399355971869674,18.399355971869674,-0.4148679200115343,7.493286422949081,37.58261534842626,0.2629157918800298,270.5623367838677,1.1860090494155884,5.529747009277344,86.5215136460553,14.329504320769304,3.5,17.829504320769303,14042.914234353919,14329.504320769305,1017510.7755369935,1003856.6799492213,7906.221127803349,5747.874459968853,16.558056805982325,7.711696385105569,1606.935916189921,17.8295043208,0.0,0.0,0.8124260275941011,9.18,1,0,1654.03837755,0.0,8.649504320800002,1,0,1559.833454829842,0.0,0.0,0,0,0.0,0.0,0.0,0,0,0.0,0.0,0.0,1606.935916189921,8.5,9.18,1.470495679199999
case1_astar_fixed,6,cruising,2024-09-14T09:00:00+00:00,0.5,9.49003707240142,31.53000000000024,122.92000000000098,31.61000000000025,123.08000000000106,59.551437798665226,10.030232508447204,17.98448805185814,18.37151337686433,18.37151337686433,-0.3870253250061872,7.489548795962169,37.09667327955992,0.20377778778748332,251.84791255023578,1.2031223773956299,5.549838066101074,85.86314147246601,14.287658884535965,3.5,17.787658884535965,14001.905706845246,14287.658884535966,1015956.6570606639,1000423.0070202617,10118.329297616721,5415.320742785409,16.424749532742048,10.03023250844721,1603.2204796205058,17.7876588845,0.0,0.0,0.8124260275941011,8.607658884500001,1,0,1552.4025816910116,0.0,9.18,1,0,1654.03837755,0.0,0.0,0,0,0.0,0.0,0.0,0,0,0.0,0.0,0.0,1603.2204796205058,8.5,9.18,1.5123411155
case1_astar_fixed,7,cruising,2024-09-14T09:30:00+00:00,0.5,9.483974417515178,31.61000000000025,123.08000000000106,31.690000000000264,123.24000000000115,59.52984595263649,10.153814896376927,17.98448805185814,18.112042256184992,18.112042256184992,-0.12755420432685202,7.2643987370781495,36.400998316634855,0.07923495265227536,273.6193020986527,1.2078540325164795,5.614206790924072,86.16373119323835,13.643344609273992,3.5,17.143344609273992,13370.477717088512,13643.344609273992,984315.3878895466,968940.2041323773,9947.416317396652,5427.767439772607,16.186031353398796,10.153814896376927,1546.0121187586,17.1433446093,0.0,0.0,0.8124260275941011,9.18,1,0,1654.03837755,0.0,7.963344609300002,1,0,1437.9858599672,0.0,0.0,0,0,0.0,0.0,0.0,0,0,0.0,0.0,0.0,1546.0121187586,8.5,9.18,2.1566553906999992
case1_astar_fixed,8,cruising,2024-09-14T10:00:00+00:00,0.5,9.477899355455042,31.690000000000264,123.24000000000115,31.770000000000277,123.40000000000123,59.508177847849616,10.118360067237775,17.98448805185814,18.207999998905656,18.207999998905656,-0.2235119470475176,6.980109311760951,35.924091819428725,0.18353174876338108,290.71511277138313,1.212585687637329,5.67857551574707,86.46432090898963,13.873124769944134,3.5,17.373124769944134,13595.662274545251,13873.124769944134,995547.3521393341,980475.7797905785,9561.026740882058,5510.545607873491,15.896336685545617,10.118360067237779,1566.414190934373,17.3731247699,0.0,0.0,0.8124260275941011,9.18,1,0,1654.03837755,0.0,8.193124769899999,1,0,1478.790004318746,0.0,0.0,0,0,0.0,0.0,0.0,0,0,0.0,0.0,0.0,1566.414190934373,8.5,9.18,1.926875230100002
case1_astar_fixed,9,cruising,2024-09-14T10:30:00+00:00,0.5,9.471811909764034,31.770000000000277,123.40000000000123,31.85000000000029,123.56000000000131,59.48643329192418,9.907609164999412,17.98448805185814,18.18746021639726,18.18746021639726,-0.20297216453912081,7.284582966088209,36.956111953746415,0.1424512954412202,282.3473467244081,1.2073107361793518,5.841160297393799,92.09756050304449,13.831337642339431,3.5,17.33133764233943,13554.710889492642,13831.337642339431,993643.9680249237,977996.0977253586,9750.060366642912,5897.80993292229,16.222548092718373,9.907609164999414,1562.703931566953,17.3313376423,0.0,0.0,0.8124260275941011,9.18,1,0,1654.03837755,0.0,8.1513376423,1,0,1471.369485583906,0.0,0.0,0,0,0.0,0.0,0.0,0,0,0.0,0.0,0.0,1562.703931566953,8.5,9.18,1.9686623577000013
case1_astar_fixed,10,cruising,2024-09-14T11:00:00+00:00,0.5,9.465712104067453,31.85000000000029,123.56000000000131,31.9300000000003,123.72000000000139,59.464612091659966,10.043477829451035,17.98448805185814,18.055877143799805,18.055877143799805,-0.07138909194166414,7.547311600232091,37.076827277443726,0.10755150410829178,309.49810819422464,1.2218111753463745,5.876791954040527,91.79329598241367,13.519985154496444,3.5,17.019985154496446,13249.585451406514,13519.985154496444,978437.2002863444,962245.7264941493,10203.748494929569,5987.725297265607,16.483053234423213,10.043477829451039,1535.0590909000507,17.0199851545,0.0,0.0,0.8124260275941011,9.18,1,0,1654.03837755,0.0,7.839985154499999,1,0,1416.0798042501015,0.0,0.0,0,0,0.0,0.0,0.0,0,0,0.0,0.0,0.0,1535.0590909000507,8.5,9.18,2.280014845500002
case1_astar_fixed,11,cruising,2024-09-14T11:30:00+00:00,0.5,9.459599962072083,31.9300000000003,123.72000000000139,32.01000000000032,123.88000000000147,59.44271405301406,10.660725836391803,17.98448805185814,18.019407998301006,18.019407998301006,-0.03491994644286402,7.667468577935779,35.88356398923793,0.15419875982676667,322.75248838595894,1.2362411618232727,5.888166904449463,91.14256679172445,13.444743186488301,3.5,16.944743186488303,13175.848322758535,13444.743186488302,974929.0265689975,957921.333613042,10940.548391490056,6067.144564465479,16.566318605320532,10.66072583639181,1528.3783920191083,16.9447431865,0.0,0.0,0.8124260275941011,9.17999999917647,1,0,1654.038377401159,0.0,7.764743187323528,1,0,1402.7184066370576,0.0,0.0,0,0,0.0,0.0,0.0,0,0,0.0,0.0,0.0,1528.3783920191083,8.5,9.17999999917647,2.3552568135000023
case1_astar_fixed,12,cruising,2024-09-14T12:00:00+00:00,0.5,8.592427774241445,32.01000000000032,123.88000000000147,32.09000000000033,124.02000000000155,55.975645714488536,9.930652617284554,17.98448805185814,17.996509056660674,17.996509056660674,-0.012021004802533486,7.758466077616617,34.177159265802345,0.12964255778649614,323.2415182531141,1.330383062362671,6.018926620483398,89.89808925217913,13.400060488027378,3.5,16.90006048802738,13132.05927826683,13400.060488027379,972892.0036475421,955215.0363054504,10363.916614747803,7313.050727343831,16.706016696108428,9.930652617284554,1524.4110362206393,16.900060488,0.0,0.0,0.8124260275941011,9.17999999917647,1,0,1654.038377401159,0.0,7.720060487908498,1,0,1394.7836950401195,0.0,9.150327554487055e-10,0,0,0.0,0.0,0.0,0,0,0.0,0.0,0.0,1524.4110362206393,8.5,9.17999999917647,2.3999395119999996
case1_astar_fixed,13,cruising,2024-09-14T12:30:00+00:00,0.5,8.587258622178307,32.09000000000033,124.02000000000155,32.17000000000034,124.16000000000162,55.952307452144126,11.301463943622956,17.98448805185814,17.951383227841777,17.951383227841777,0.03310482401636149,7.86754777301457,31.326891518804416,0.07302454062395641,339.43886288480337,1.3495113849639893,6.044149398803711,89.07909491311817,13.316569302502161,3.5,16.81656930250216,13050.237916452117,13316.569302502161,969171.8149981971,949902.0444113454,11826.142150765681,7443.628436086175,16.728386216840384,11.30146394362295,1516.9978932865606,16.8165693025,0.0,0.0,0.8124260275941011,7.636569281595909,1,0,1379.957405256654,0.0,9.18000002090409,1,0,1654.038381316467,0.0,0.0,0,0,0.0,0.0,0.0,0,0,0.0,0.0,0.0,1516.9978932865606,8.5,9.18000002090409,2.483430697500001
case1_astar_fixed,14,cruising,2024-09-14T13:00:00+00:00,0.5,8.582079386144326,32.17000000000034,124.16000000000162,32.250000000000355,124.30000000000169,55.92888939804145,12.500447348230615,17.98448805185814,17.879229075742725,17.879229075742725,0.10525897611541599,8.021783438802238,28.972125519006,0.0725583158137416,14.199269226207889,1.3686397075653076,6.069372177124023,88.26010059588634,13.16881174881144,3.5,16.66881174881144,12905.43551383521,13168.811748811439,962225.5326691318,941462.0329943085,13193.790013296202,7569.709661527088,16.800486477651642,12.500447348230622,1470.2563378155687,16.320000024593046,0.34881172420695084,0.0,0.7944460418102297,9.18,1,0,1654.03837755,0.0,2.459304819790731e-08,0,0,4.4311378584178165e-06,0.0,7.14,1,1,1286.47429365,120.0,0.0,0,0,0.0,0.0,120.0,1590.2563378155687,8.15118827579305,9.18,0.23118825120000253
case1_astar_fixed,15,cruising,2024-09-14T13:30:00+00:00,0.5,8.57689008829762,32.250000000000355,124.30000000000169,32.33000000000037,124.44000000000176,55.90539136710366,12.966350335546233,17.98448805185814,17.861531749455054,17.861531749455054,0.1229563024030876,8.32021485034679,28.490677188891368,0.07841103272997364,19.680086152100827,1.3232005834579468,6.100225448608398,88.5960059914456,13.133846612214905,3.5,16.633846612214903,12871.169679970606,13133.846612214904,960600.6119031996,939402.2487008799,14133.399106762305,7064.964095557496,17.073174802591048,12.96635033554624,1470.2563356,16.32,0.3138466121999999,0.0,0.7782683813875422,9.18,1,0,1654.03837755,0.0,0.0,0,0,0.0,0.0,7.14,1,0,1286.47429365,0.0,0.0,0,0,0.0,0.0,0.0,1470.2563356,8.186153387800001,9.18,0.26615338780000286
case1_astar_fixed,16,cruising,2024-09-14T14:00:00+00:00,0.5,8.571690750868372,32.33000000000037,124.44000000000176,32.41000000000038,124.58000000000183,55.881813173524044,12.90390045761704,17.98448805185814,17.885554160614237,17.885554160614237,0.09893389124390412,8.622620857114816,29.113975246177574,0.05776082355082658,27.663206930194704,1.355642318725586,6.087621688842773,86.62722109616305,13.204475148707097,3.5,16.704475148707097,12940.385645732955,13204.475148707097,964371.3514398059,942199.1885421646,14591.826978883524,7580.33591875786,17.389783884558877,12.903900457617041,1507.0451061691588,16.7044751487,0.0,0.0,0.7782683813875422,9.144475148699998,1,0,1647.7299079383179,0.0,7.5600000000000005,1,1,1366.3603044,170.0,0.0,0,0,0.0,0.0,0.0,0,0,0.0,0.0,170.0,1677.0451061691588,8.5,9.144475148699998,2.595524851300002
case1_astar_fixed,17,cruising,2024-09-14T14:30:00+00:00,0.5,8.566481396155792,32.41000000000038,124.58000000000183,32.49000000000039,124.7200000000019,55.85815463073011,12.234598310681417,17.98448805185814,17.901469179522362,17.901469179522362,0.0830188723357764,9.114575051990455,31.201552020243355,0.04811163554194393,28.443435202416183,1.402806282043457,6.049659729003906,83.95359466850776,13.242339504461382,3.5,16.742339504461384,12977.492714372154,13242.339504461383,966261.4954575861,944056.2918662773,14729.366993051102,7475.8365982576925,17.943081722132902,12.234598310681411,1510.4070644770632,16.7423395045,0.0,0.0,0.7782683813875422,9.18,1,0,1654.03837755,0.0,7.562339504499999,1,0,1366.7757514041266,0.0,0.0,0,0,0.0,0.0,0.0,0,0,0.0,0.0,0.0,1510.4070644770632,8.5,9.18,2.557660495500002
case1_astar_fixed,18,cruising,2024-09-14T15:00:00+00:00,0.5,8.561262046537673,32.49000000000039,124.7200000000019,32.570000000000405,124.86000000000197,55.834415551435086,11.709639535325016,17.98448805185814,17.892605240509667,17.892605240509667,0.09188281134847225,9.606288585533031,32.85275643780466,0.05992574664476604,17.906576062687975,1.4499702453613281,6.011697769165039,81.2799682161741,13.22879305964847,3.5,16.72879305964847,12964.2171984555,13228.793059648471,965718.6056653176,943021.5652570681,14954.398521508609,7742.641886740951,18.480450892361326,11.709639535325017,1509.2042820181546,16.7287930596,0.0,0.0,0.7782683813875422,9.1687930596,1,0,1652.0482596363092,0.0,7.5600000000000005,1,0,1366.3603044,0.0,0.0,0,0,0.0,0.0,0.0,0,0,0.0,0.0,0.0,1509.2042820181546,8.5,9.1687930596,2.5712069403999998
case1_astar_fixed,19,cruising,2024-09-14T15:30:00+00:00,0.5,8.556032724461174,32.570000000000405,124.86000000000197,32.65000000000042,125.00000000000205,55.81059574759274,11.944531429927371,17.98448805185814,17.862337667438485,17.862337667438485,0.12215038441965446,9.748687894085485,32.53836404475817,0.08683383852956247,12.169382405358789,1.5752883553504944,6.158971309661865,80.27424005192503,13.18515340362195,3.5,16.68515340362195,12921.45033554951,13185.15340362195,964038.3751662661,939495.9613079415,15469.78347625746,9072.630382067211,18.610472944367842,11.944531429927371,1470.2563356,16.32,0.3651534036000017,0.0,0.7594460409957813,0.0,0,0,0.0,0.0,9.18,1,0,1654.03837755,0.0,0.0,0,0,0.0,0.0,7.14,1,1,1286.47429365,120.0,120.0,1590.2563356,8.1348465964,9.18,0.21484659640000103
case1_astar_fixed,20,cruising,2024-09-14T16:00:00+00:00,0.5,8.55079345244617,32.65000000000042,125.00000000000205,32.73000000000043,125.14000000000212,55.78669503040031,12.49652123802376,17.98448805185814,17.758492339482668,17.758492339482668,0.22599571237547325,9.877402924554799,31.596443186307567,0.14877223452568192,17.182739045267354,1.6350547075271606,6.1287546157836905,77.72945216892755,12.962340481269672,3.5,16.46234048126967,12703.093671644277,12962.340481269672,953265.9599427332,927489.4141644747,16349.901093080582,9426.644685177836,18.70522128062522,12.496521238023764,1470.2563356,16.32,0.14234048130000065,0.0,0.7521089027844378,0.0,0,0,0.0,0.0,9.18,1,0,1654.03837755,0.0,0.0,0,0,0.0,0.0,7.14,1,0,1286.47429365,0.0,0.0,1470.2563356,8.3576595187,9.18,0.4376595187000021
case1_astar_fixed,21,cruising,2024-09-14T16:30:00+00:00,0.5,8.545544253086499,32.73000000000043,125.14000000000212,32.81000000000044,125.28000000000219,55.76271321032219,13.088643319361724,17.98448805185814,17.99894598167568,17.99894598167568,-0.014457929817540032,9.924068125946624,30.485926017403756,0.1392853515588329,322.7016801306717,1.6917880177497864,6.129144191741943,75.67660069754479,13.543461399179424,3.5,17.043461399179424,13272.592171195836,13543.461399179425,982417.4757871258,955502.7142223212,17137.073894317535,9777.68767048714,18.712028462942158,13.088643319361728,1537.1435356037837,17.0434613992,0.0,0.0,0.7521089027844378,9.18,1,1,1654.03837755,170.0,7.863461399200002,1,0,1420.2486936575674,0.0,0.0,0,0,0.0,0.0,0.0,0,0,0.0,0.0,170.0,1707.1435356037837,8.5,9.18,2.256538600799999
case1_astar_fixed,22,cruising,2024-09-14T17:00:00+00:00,0.5,8.54028514904991,32.81000000000044,125.28000000000219,32.890000000000455,125.42000000000226,55.73865009706087,13.484207728042257,17.98448805185814,18.172858219144103,18.172858219144103,-0.18837016728596512,9.927675738374207,29.70349684350208,0.11145020584489647,265.3381156801779,1.554307460784912,6.045549392700195,70.62374418984797,13.939092360607974,3.5,17.439092360607972,13660.310513395814,13939.092360607974,1001428.7693307425,976236.7463476713,17608.56269073849,7583.460292332859,18.687408873740345,13.484207728042266,1572.271422225399,17.4390923606,0.0,0.0,0.7521089027844378,9.18,1,0,1654.03837755,0.0,8.2590923606,1,0,1490.504466900798,0.0,0.0,0,0,0.0,0.0,0.0,0,0,0.0,0.0,0.0,1572.271422225399,8.5,9.18,1.8609076394000006
case1_astar_fixed,23,cruising,2024-09-14T17:30:00+00:00,0.5,8.88645744835284,32.890000000000455,125.42000000000226,32.980000000000466,125.56000000000233,52.51145232170675,10.783618115504325,17.98448805185814,18.27010460432047,18.27010460432047,-0.2856165524623276,9.661821586653724,31.406734904210623,0.16965773749241692,262.5075271115219,1.5824590921401978,6.1011528968811035,70.60683688678948,14.135362288713472,3.5,17.635362288713473,13852.655042939203,14135.362288713472,1010269.5733391036,988008.4852213516,13941.700756715145,8319.387361036892,18.594113591813375,10.78361811550432,1589.6981366491946,17.6353622887,0.0,0.0,0.7521089027844378,9.18,1,0,1654.03837755,0.0,8.455362288700002,1,0,1525.3578957483892,0.0,0.0,0,0,0.0,0.0,0.0,0,0,0.0,0.0,0.0,1589.6981366491946,8.5,9.18,1.6646377112999993
case1_astar_fixed,24,cruising,2024-09-14T18:00:00+00:00,0.5,9.646731016959851,32.980000000000466,125.56000000000233,33.08000000000048,125.71000000000241,51.46814305317244,8.80847849893467,17.98448805185814,18.349142247001215,18.349142247001215,-0.36465419514307423,9.384292773548228,33.97631666288123,0.240727319573063,270.2733756920464,1.6106107234954834,6.156756401062012,70.58992958456798,14.298598608418418,3.5,17.798598608418416,14012.62663625005,14298.598608418419,1017639.5785379808,997671.9942733453,11175.38525079722,8792.199013838224,18.41961945883898,8.80847849893467,1604.1918125502416,17.7985986084,0.0,0.0,0.7521089027844378,9.18,1,0,1654.03837755,0.0,8.6185986084,1,0,1554.3452475504835,0.0,0.0,0,0,0.0,0.0,0.0,0,0,0.0,0.0,0.0,1604.1918125502416,8.5,9.18,1.5014013916000017
case1_astar_fixed,25,cruising,2024-09-14T18:30:00+00:00,0.5,9.640017391605092,33.08000000000048,125.71000000000241,33.1800000000005,125.86000000000249,51.43629664650762,6.752956056051771,17.98448805185814,18.334974048587096,18.334974048587096,-0.350485996728955,9.054553453966557,37.7824099372358,0.2578853050741172,277.07592367807035,1.6250964999198914,6.237553119659424,72.23026386590855,14.236249250331426,3.5,17.736249250331426,13951.524265324797,14236.249250331426,1014142.0981876693,995933.3323074379,8343.114676814388,9865.651203416988,18.176781884069413,6.752956056051776,1598.6558424266777,17.7362492503,0.0,0.0,0.7521089027844378,9.18,1,0,1654.03837755,0.0,8.556249250299999,1,0,1543.2733073033555,0.0,0.0,0,0,0.0,0.0,0.0,0,0,0.0,0.0,0.0,1598.6558424266777,8.5,9.18,1.5637507497000023
case1_astar_fixed,26,cruising,2024-09-14T19:00:00+00:00,0.5,9.633288761939152,33.1800000000005,125.86000000000249,33.28000000000051,126.01000000000256,51.40432097467404,4.282102117650513,17.98448805185814,18.189624855737502,18.189624855737502,-0.20513680387936262,8.343969040034802,42.37309431956771,0.24114596539998898,295.4519040605013,1.4512277841567993,6.737539291381836,89.22216014223137,13.814460382608859,3.5,17.314460382608857,13538.171174956682,13814.460382608859,992429.7875953856,978257.1550496782,4927.097251674311,9245.535294033158,17.541507295808653,4.282102117650518,1561.2054076315987,17.3144603826,0.0,0.0,0.7521089027844378,9.18,1,0,1654.03837755,0.0,8.1344603826,1,0,1468.3724377131975,0.0,0.0,0,0,0.0,0.0,0.0,0,0,0.0,0.0,0.0,1561.2054076315987,8.5,9.18,1.9855396174000006
case1_astar_fixed,27,cruising,2024-09-14T19:30:00+00:00,0.5,9.626545178569838,33.28000000000051,126.01000000000256,33.38000000000053,126.16000000000264,51.37221570521974,1.6915559649416538,17.98448805185814,18.064397941413564,18.064397941413564,-0.07990988955542547,7.208240106802772,47.50928799096437,0.2548057417967178,312.0878048508182,1.084936797618866,5.318483829498291,64.51176884163877,13.374844470857134,3.5,16.874844470857134,13107.34758143999,13374.844470857133,968351.0405694783,963258.6378423013,1711.8812087484384,3380.5215184285344,16.45104453378411,1.6915559649416507,1522.1721180007542,16.8748444709,0.0,0.0,0.7521089027844378,9.18,1,0,1654.03837755,0.0,7.6948444709000015,1,0,1390.3058584515084,0.0,0.0,0,0,0.0,0.0,0.0,0,0,0.0,0.0,0.0,1522.1721180007542,8.5,9.18,2.4251555290999995
case1_astar_fixed,28,cruising,2024-09-14T20:00:00+00:00,0.5,9.619786692307052,33.38000000000053,126.16000000000264,33.480000000000544,126.31000000000272,51.33998050431374,357.5067904524432,17.98448805185814,17.830374304735866,17.830374304735866,0.15411374712227519,7.013464745146418,57.122947911906294,0.10689502285258025,9.215496304882677,1.1045100688934326,5.360854148864745,66.4185629554223,12.838219497822545,3.5,16.338219497822543,12581.455107866093,12838.219497822545,941844.0316334022,935785.6543328656,2460.4079523381274,3597.969348198488,16.24516106192554,2.493209547556777,1470.2563356,16.32,0.018219497800001427,0.0,0.7511697534133033,0.0,0,0,0.0,0.0,9.18,1,0,1654.03837755,0.0,7.14,1,1,1286.47429365,120.0,0.0,0,0,0.0,0.0,120.0,1590.2563356,8.4817805022,9.18,0.5617805022000013
case1_astar_fixed,29,cruising,2024-09-14T20:30:00+00:00,0.5,8.171776946456498,33.480000000000544,126.31000000000272,33.55000000000055,126.45000000000279,59.009977048301955,358.0821246552526,17.98448805185814,17.97788305816883,17.97788305816883,0.0066049936893109356,7.228782778355231,63.382805357398524,0.10200343506341097,330.9189452811244,0.8104657232761383,5.464834690093994,81.6785677335495,13.152604483561632,3.5,16.652604483561632,12889.552393890399,13152.604483561632,957015.9026429104,953018.8248652507,1945.1537931135051,2051.923984546128,16.468977464560137,1.9178753447474346,1470.2563356,16.32,0.3326044836000017,0.0,0.7340251924029864,0.0,0,0,0.0,0.0,9.18,1,0,1654.03837755,0.0,7.14,1,0,1286.47429365,0.0,0.0,0,0,0.0,0.0,0.0,1470.2563356,8.1673955164,9.18,0.24739551640000101
case1_astar_fixed,30,cruising,2024-09-14T21:00:00+00:00,0.5,8.166910079318258,33.55000000000055,126.45000000000279,33.620000000000566,126.59000000000286,58.98942722718124,356.6022077366161,17.98448805185814,18.061334287592178,18.061334287592178,-0.07684623573403954,6.982309706873674,66.89151372128453,0.10154583482261685,306.07768579517335,0.8345366716384888,5.508756637573242,81.83701107209504,13.374096686006647,3.5,16.874096686006645,13106.614752286514,13374.096686006647,968429.0816628939,962894.334293309,3333.028811906685,2201.7185576781844,16.196492472186826,3.3977922633839204,1522.1057225318768,16.874096686,0.0,0.0,0.7340251924029864,9.18,1,1,1654.03837755,170.0,7.694096686000002,1,0,1390.1730675137537,0.0,0.0,0,0,0.0,0.0,0.0,0,0,0.0,0.0,170.0,1692.1057225318768,8.5,9.18,2.4259033139999993
case1_astar_fixed,31,cruising,2024-09-14T21:30:00+00:00,0.5,8.16203529683992,33.620000000000566,126.59000000000286,33.69000000000058,126.73000000000293,58.968815263938325,359.5690098318707,17.98448805185814,17.94824014984865,17.94824014984865,0.03624790200948788,6.708874133737281,59.99417641449634,0.03787380605879363,119.47305402044717,0.8462032377719879,5.616750717163086,82.61102520116201,13.063361925033696,3.5,16.563361925033696,12802.094686533022,13063.361925033696,952224.5471024065,949532.9804909797,410.5327117538188,2281.033899672921,15.960263368804599,0.43099016812932317,1470.2563356,16.32,0.24336192499999942,0.0,0.7214807632792696,9.18,1,0,1654.03837755,0.0,0.0,0,0,0.0,0.0,0.0,0,0,0.0,0.0,7.14,1,1,1286.47429365,120.0,120.0,1590.2563356,8.256638075000001,9.18,0.3366380750000033
case1_astar_fixed,32,cruising,2024-09-14T22:00:00+00:00,0.5,8.157152613961674,33.69000000000058,126.73000000000293,33.76000000000059,126.870000000003,58.94814101547898,2.419888458215875,17.98448805185814,17.641025800723114,17.641025800723114,0.34346225113502554,6.518999305086691,53.092817573957575,0.1834701772470322,74.57078435997697,0.8578698039054871,5.72474479675293,83.38503935279658,12.385695836567972,3.5,15.885695836567972,12137.981919836613,12385.695836567973,918673.4627370217,914073.0569146535,2244.9901041873204,2355.4157181809355,15.751045735513966,2.4198884582158815,1431.6946735975512,15.8856958366,0.0,0.0,0.7214807632792696,9.18,1,0,1654.03837755,0.0,0.0,0,0,0.0,0.0,0.0,0,0,0.0,0.0,6.7056958366,1,0,1209.3509696451022,0.0,0.0,1431.6946735975512,8.5,9.18,1.0143041634000003
case1_astar_fixed,33,cruising,2024-09-14T22:30:00+00:00,0.5,8.152262045666513,33.76000000000059,126.870000000003,33.830000000000595,127.01000000000307,58.92740433815053,4.901784062533709,17.98448805185814,17.453480983010635,17.453480983010635,0.5310070688475028,7.3815936774935045,47.87747559350271,0.27658877059305315,67.94077338121947,0.9700583815574646,5.062156677246094,82.81952380650685,12.023251226574855,3.5,15.523251226574855,11782.786202043359,12023.251226574856,901231.141526484,893009.3198984335,5024.9770689554725,3196.8445590951196,16.557310969897475,4.901784062533707,1399.5133874776734,15.5232512266,0.0,0.0,0.7214807632792696,0.0,0,0,0.0,0.0,9.18,1,1,1654.03837755,170.0,0.0,0,0,0.0,0.0,6.3432512266,1,0,1144.9883974053469,0.0,170.0,1569.5133874776734,8.5,9.18,1.376748773400001
case1_astar_fixed,34,cruising,2024-09-14T23:00:00+00:00,0.5,8.147363606981578,33.830000000000595,127.01000000000307,33.90000000000061,127.15000000000315,58.90660508776999,7.574115395198356,17.98448805185814,17.456343994861605,17.456343994861605,0.528144056996535,7.900705574421635,42.45323817117787,0.2719786665989636,56.3152465427557,0.963228404521942,5.132234573364258,83.04307258681384,12.073879355605078,3.5,15.573879355605078,11832.401768492975,12073.879355605077,904630.6411648247,893327.6214618025,8163.3812233316585,3139.63847969055,16.97731205871364,7.574115395198363,1404.0086351930777,15.5738793556,0.0,0.0,0.7214807632792696,0.0,0,0,0.0,0.0,9.18,1,0,1654.03837755,0.0,0.0,0,0,0.0,0.0,6.393879355600001,1,0,1153.9788928361554,0.0,0.0,1404.0086351930777,8.5,9.18,1.3261206443999995
case1_astar_fixed,35,cruising,2024-09-14T23:30:00+00:00,0.5,8.142457312970887,33.90000000000061,127.15000000000315,33.970000000000624,127.29000000000322,58.88574311961429,6.365331840096666,17.98448805185814,17.548352681390014,17.548352681390014,0.43613537046812634,7.731959103519232,44.8968805567705,0.22482682817492294,55.22154194382668,0.9739651083946228,5.1758012771606445,83.33245412151086,12.257587137659986,3.5,15.757587137659986,12012.435394906786,12257.587137659986,913617.343729235,903610.3586980931,6764.940319274521,3242.0447118673146,16.85859242434521,6.365331840096666,1420.3199625934444,15.7575871377,0.0,0.0,0.7214807632792696,0.0,0,0,0.0,0.0,9.18,1,0,1654.03837755,0.0,0.0,0,0,0.0,0.0,6.5775871377,1,0,1186.6015476368889,0.0,0.0,1420.3199625934444,8.5,9.18,1.1424128623000005
case1_astar_fixed,36,cruising,2024-09-15T00:00:00+00:00,0.5,9.299647381313152,33.970000000000624,127.29000000000322,34.05000000000064,127.4500000000033,58.85773220418561,5.878811431990716,17.98448805185814,17.65463819567397,17.65463819567397,0.3298498561841691,7.943581203716754,46.12746888834249,0.169751499323742,60.40907856990124,0.9043795466423035,5.563117980957031,90.7233946743144,12.487165311358385,3.5,15.987165311358385,12237.422005131217,12487.165311358385,925087.1566486086,915618.8959585717,6420.731573184086,3047.529116852739,17.090207792240935,5.87881143199071,1440.7041005526357,15.987165311400002,0.0,0.0,0.7214807632792696,0.0,0,0,0.0,0.0,8.847165312568865,1,0,1594.9339074552713,0.0,-1.1688639848472904e-09,0,0,0.0,0.0,7.14,1,0,1286.47429365,0.0,0.0,1440.7041005526357,8.5,8.847165312568865,0.9128346885999985
case1_astar_fixed,37,cruising,2024-09-15T00:30:00+00:00,0.5,9.293217240429255,34.05000000000064,127.4500000000033,34.13000000000065,127.61000000000338,58.83372423149213,3.444033586602583,17.98448805185814,17.671887983087,17.671887983087,0.3126000687711392,8.229046123349798,51.51690681840296,0.1681221316068124,41.87951863003714,0.9375817179679871,5.585427284240723,91.54725544016978,12.493600097448315,3.5,15.993600097448315,12243.72809549935,12493.600097448316,924823.2989212805,917581.1364535553,3919.5604881103895,3322.6019796147834,17.445557300676573,3.4440335866025773,1441.275442062809,15.9936000974,0.0,0.0,0.7214807632792696,0.0,0,0,0.0,0.0,8.853600098218205,1,0,1596.0765906234965,0.0,7.139999999181795,1,1,1286.4742935021213,120.0,0.0,0,0,0.0,0.0,120.0,1561.275442062809,8.5,8.853600098218205,0.9063999026000005
case1_astar_fixed,38,cruising,2024-09-15T01:00:00+00:00,0.5,9.286775446546882,34.13000000000065,127.61000000000338,34.21000000000066,127.77000000000346,58.809633740183116,1.2332797318481292,17.98448805185814,17.64914017865824,17.64914017865824,0.33534787319990084,8.478818662905796,56.230590245904295,0.19156536924863188,33.042503933113004,0.9707838892936705,5.607736587524414,92.37111619378699,12.41135831566823,3.5,15.91135831566823,12163.131149354864,12411.358315668229,920106.4660509292,914994.2557014801,1449.1070455791057,3663.103303869992,17.726348693753167,1.2332797318481359,1433.9732330233967,15.9113583157,0.0,0.0,0.7214807632792696,0.0,0,0,0.0,0.0,9.18,1,0,1654.03837755,0.0,6.7313583157,1,0,1213.9080884967934,0.0,0.0,0,0,0.0,0.0,0.0,1433.9732330233967,8.5,9.18,0.988641684300001
case1_astar_fixed,39,cruising,2024-09-15T01:30:00+00:00,0.5,9.280322025686393,34.21000000000066,127.77000000000346,34.290000000000674,127.93000000000355,58.78546051073971,0.1262110532377271,17.98448805185814,17.660593179576523,17.660593179576523,0.32389487228161773,8.692216431028172,58.52491015402393,0.18677062302098799,31.929019171476554,1.0389641523361206,5.841439723968506,96.83516401567192,12.429938444972445,3.5,15.929938444972445,12181.339676072996,12429.938444972444,920915.7927620676,916295.8802955983,151.96550676129337,4467.946959707986,17.944182063040298,0.1262110532377271,1435.6229539480578,15.929938445,0.0,0.0,0.7214807632792696,0.0,0,0,0.0,0.0,9.18,1,0,1654.03837755,0.0,6.749938445,1,0,1217.2075303461156,0.0,0.0,0,0,0.0,0.0,0.0,1435.6229539480578,8.5,9.18,0.9700615550000009
case1_astar_fixed,40,cruising,2024-09-15T02:00:00+00:00,0.5,9.27385700395557,34.290000000000674,127.93000000000355,34.37000000000069,128.0900000000036,58.76120432270586,359.2685614828179,17.98448805185814,17.74172385276908,17.74172385276908,0.2427641990890575,8.938523624297758,60.249735545783665,0.15829351689680043,20.850417135923323,0.972500741481781,4.439400672912598,78.55703143165634,12.604189454418568,3.5,16.104189454418567,12352.105665330197,12604.189454418569,929537.4086947457,925563.5517204299,904.8900964192092,3068.9668778965934,18.189001363718887,0.7314385171820881,1451.0946189568954,16.1041894544,0.0,0.0,0.7214807632792696,0.0,0,0,0.0,0.0,8.9641894544,1,0,1615.714944263791,0.0,7.14,1,0,1286.47429365,0.0,0.0,0,0,0.0,0.0,0.0,1451.0946189568954,8.5,8.9641894544,0.795810545600002
case1_astar_fixed,41,cruising,2024-09-15T02:30:00+00:00,0.5,8.109312757755673,34.37000000000069,128.0900000000036,34.440000000000694,128.2300000000037,58.74403465514296,358.0426470354445,17.98448805185814,17.795239877324818,17.795239877324818,0.18924817453332085,9.127405214541472,62.68547285692807,0.1333555187202162,15.635495360068532,0.9857362508773804,4.512343406677246,80.94440796065787,12.753992233344238,3.5,16.25399223334424,12498.912388677354,12753.99223334424,937560.8918992825,931722.3782449835,2469.5569514957424,3368.956702803229,18.368546845537153,1.9573529645555252,1464.3955371034667,16.2539922333,0.0,0.0,0.7214807632792696,9.113992232476472,1,1,1642.3167804080924,170.0,0.0,0,0,0.0,0.0,7.1400000008235285,1,0,1286.4742937988408,0.0,0.0,0,0,0.0,0.0,170.0,1634.3955371034667,8.5,9.113992232476472,0.6460077667000004
case1_astar_fixed,42,cruising,2024-09-15T03:00:00+00:00,0.5,9.261703911478945,34.440000000000694,128.2300000000037,34.52000000000071,128.3900000000038,58.71549959926333,356.6194039655891,17.98448805185814,17.889742745817365,17.889742745817365,0.09474530604077282,9.25728069231512,65.47476538996239,0.08726402168731356,2.670948699039215,0.9989717602729797,4.5852861404418945,83.33178450681258,13.004110147413753,3.5,16.504110147413755,12744.027944465477,13004.110147413752,950642.7814007155,942687.6311225183,4315.7998528421285,3639.3504253550473,18.477102168315245,3.3805960344109365,1470.2563358147659,16.32000000235294,0.18411014504705836,0.0,0.7119905496170459,9.18000000117647,1,0,1654.0383777647658,0.0,0.0,0,0,0.0,0.0,7.14000000117647,1,0,1286.4742938647657,0.0,0.0,0,0,0.0,0.0,0.0,1470.2563358147659,8.315889854952943,9.18000000117647,0.3958898526000034
case1_astar_fixed,43,cruising,2024-09-15T03:30:00+00:00,0.5,9.255205683422057,34.52000000000071,128.3900000000038,34.60000000000072,128.55000000000388,58.691003668651454,356.37669774181046,17.98448805185814,17.998358386139422,17.998358386139422,-0.013870334281283368,8.736534557983267,66.15170335643711,0.056794345470548215,321.4734207368068,0.8755453526973724,4.498412132263184,84.9454233616361,13.247546526452485,3.5,16.747546526452485,12982.595595923434,13247.546526452485,962558.1179225297,955433.3416777251,4365.724140619377,2759.052104185267,17.95046543909951,3.62330225818954,1510.8693935066342,16.7475465265,0.0,0.0,0.7119905496170459,9.18,1,0,1654.03837755,0.0,7.567546526499999,1,1,1367.7004094632684,170.0,0.0,0,0,0.0,0.0,0.0,0,0,0.0,0.0,170.0,1680.8693935066342,8.5,9.18,2.5524534735000017
case1_astar_fixed,44,cruising,2024-09-15T04:00:00+00:00,0.5,8.420071707010775,34.60000000000072,128.55000000000388,34.68000000000073,128.69000000000392,55.17856450314748,353.6200599342275,17.98448805185814,18.02481212770687,18.02481212770687,-0.04032407584873019,8.15865284024297,68.79773851027892,0.06387020559012965,306.22564086243744,0.8774851560592651,4.569008827209473,85.47312373427525,13.357205128866864,3.5,16.857205128866866,13090.061026289526,13357.205128866864,968824.6625007073,958561.0265295922,7130.549685173614,3133.086285941388,17.28833052087763,6.379940065772495,1520.6059291302333,16.8572051289,0.0,0.0,0.7119905496170459,7.677205133259726,1,0,1387.173481498424,0.0,9.179999995640273,1,0,1654.0383767620426,0.0,0.0,0,0,0.0,0.0,0.0,0,0,0.0,0.0,0.0,1520.6059291302333,8.5,9.179999995640273,2.442794871100002
case1_astar_fixed,45,cruising,2024-09-15T04:30:00+00:00,0.5,9.164585219018699,34.68000000000073,128.69000000000392,34.77000000000075,128.840000000004,53.82711301369971,354.6936139071395,17.98448805185814,17.903447761695112,17.903447761695112,0.08104029016302933,8.19743258229115,65.12489376737221,0.07799091582657931,356.14107407797826,0.8830193281173706,4.6531243324279785,86.26812039564606,13.052616666097059,3.5,16.55261666609706,12791.564332775119,13052.61666609706,953356.9699423162,944287.3995505909,5983.42063423802,3086.1497574872105,17.36501630749991,5.30638609286053,1470.2563359221488,16.32000000352941,0.23261666257058877,0.0,0.7,0.0,0,0,0.0,0.0,9.18,1,0,1654.03837755,0.0,7.140000003529412,1,1,1286.4742942942976,120.0,0.0,0,0,0.0,0.0,120.0,1590.2563359221488,8.267383337429411,9.18,0.34738333389999987
case1_astar_fixed,46,cruising,2024-09-15T05:00:00+00:00,0.5,9.560475327122152,34.77000000000075,128.840000000004,34.86000000000076,129.0000000000041,55.53773276296737,357.6472970110012,17.98448805185814,17.607609798297297,17.607609798297297,0.376878253560844,8.142687441665188,60.5638796512431,0.22016907966938531,27.253582813897992,0.7747839689254761,4.132503509521484,76.70374114573366,12.309932161732604,3.5,15.809932161732604,12063.733518497951,12309.932161732604,914819.3546883458,910288.1142101433,2656.861327737382,1874.3791504651301,17.378038007359592,2.3527029889987943,1424.9676522284483,15.8099321617,0.0,0.0,0.7,0.0,0,0,0.0,0.0,9.18,1,0,1654.03837755,0.0,6.629932157438647,1,0,1195.8969269068966,0.0,4.261354667826655e-09,0,0,0.0,0.0,0.0,1424.9676522284483,8.5,9.18,1.0900678382999995
case1_astar_fixed,47,approach,2024-09-15T05:30:00+00:00,0.5,9.151543312898793,34.86000000000076,129.0000000000041,34.95,129.15,53.767289061607435,0.7008470534903048,17.98448805185814,17.319939575199083,17.319939575199083,0.6645484766590566,8.20506948431343,52.27616360252148,0.3982677119335376,22.90468824055256,0.7889187932014465,4.120498180389404,73.59750729913983,11.65551033485285,2.5,14.15551033485285,11422.400128155792,11655.51033485285,880929.5242057628,878273.0461827599,798.5342559191263,1857.9437670837287,17.455608825381354,0.7008470534903082,1275.420914951526,14.1555103349,0.0,0.0,0.7,0.0,0,0,0.0,0.0,0.0,0,0,0.0,0.0,7.14,1,0,1286.47429365,0.0,7.015510334900001,1,1,1264.3675362530516,120.0,120.0,1395.420914951526,8.5,7.14,2.744489665099999
