case_name,t,dt_h,P_req_MW,P_dc_MW,P_c_MW,SOC,DG1_P_MW,DG1_ON,DG1_Start,DG1_FC_kgh,DG1_StartFuel_kg,DG2_P_MW,DG2_ON,DG2_Start,DG2_FC_kgh,DG2_StartFuel_kg,DG3_P_MW,DG3_ON,DG3_Start,DG3_FC_kgh,DG3_StartFuel_kg,DG4_P_MW,DG4_ON,DG4_Start,DG4_FC_kgh,DG4_StartFuel_kg,StartFuel_kg,FuelWithStart_kg,ESS_N1_reserve_MW,N1_largest_output_MW,N1_min_margin_MW
case1_astar_fixed,0,0.5,15.97852060646945,0.0,2.366863738823182,0.8124260275941011,9.18,1,1,1654.03837755,170.0,9.165384345323183,1,1,1651.4429433677453,170.0,0.0,0,0,0.0,0.0,0.0,0,0,0.0,0.0,340.0,1992.7406604588728,8.5,9.18,0.9546156546768181
case1_astar_fixed,1,0.5,17.062078757179176,0.0,0.0,0.8124260275941011,9.18,1,0,1654.03837755,0.0,7.882078757199999,1,0,1423.554746544347,0.0,0.0,0,0,0.0,0.0,0.0,0,0,0.0,0.0,0.0,1538.7965620471734,8.5,9.18,2.2379212428000024
case1_astar_fixed,2,0.5,17.273995015675776,0.0,0.0,0.8124260275941011,9.18,1,0,1654.03837755,0.0,8.0939950157,1,0,1461.1866359977034,0.0,0.0,0,0,0.0,0.0,0.0,0,0,0.0,0.0,0.0,1557.6125067738517,8.5,9.18,2.026004984300002
case1_astar_fixed,3,0.5,18.188156683122347,0.0,0.0,0.8124260275941011,9.18,1,0,1654.03837755,0.0,9.008156683100001,1,0,1623.5226032972241,0.0,0.0,0,0,0.0,0.0,0.0,0,0,0.0,0.0,0.0,1638.780490423612,8.5,9.18,1.1118433169
case1_astar_fixed,4,0.5,17.98832886835006,0.0,0.0,0.8124260275941011,9.18,1,0,1654.03837755,0.0,8.8083288684,1,0,1588.0373683005134,0.0,0.0,0,0,0.0,0.0,0.0,0,0,0.0,0.0,0.0,1621.0378729252566,8.5,9.18,1.3116711316000007
case1_astar_fixed,5,0.5,17.829504320769303,0.0,0.0,0.8124260275941011,9.18,1,0,1654.03837755,0.0,8.649504320800002,1,0,1559.833454829842,0.0,0.0,0,0,0.0,0.0,0.0,0,0,0.0,0.0,0.0,1606.935916189921,8.5,9.18,1.470495679199999
case1_astar_fixed,6,0.5,17.787658884535965,0.0,0.0,0.8124260275941011,8.607658884500001,1,0,1552.4025816910116,0.0,9.18,1,0,1654.03837755,0.0,0.0,0,0,0.0,0.0,0.0,0,0,0.0,0.0,0.0,1603.2204796205058,8.5,9.18,1.5123411155
case1_astar_fixed,7,0.5,17.143344609273992,0.0,0.0,0.8124260275941011,9.18,1,0,1654.03837755,0.0,7.963344609300002,1,0,1437.9858599672,0.0,0.0,0,0,0.0,0.0,0.0,0,0,0.0,0.0,0.0,1546.0121187586,8.5,9.18,2.1566553906999992
case1_astar_fixed,8,0.5,17.373124769944134,0.0,0.0,0.8124260275941011,9.18,1,0,1654.03837755,0.0,8.193124769899999,1,0,1478.790004318746,0.0,0.0,0,0,0.0,0.0,0.0,0,0,0.0,0.0,0.0,1566.414190934373,8.5,9.18,1.926875230100002
case1_astar_fixed,9,0.5,17.33133764233943,0.0,0.0,0.8124260275941011,9.18,1,0,1654.03837755,0.0,8.1513376423,1,0,1471.369485583906,0.0,0.0,0,0,0.0,0.0,0.0,0,0,0.0,0.0,0.0,1562.703931566953,8.5,9.18,1.9686623577000013
case1_astar_fixed,10,0.5,17.019985154496446,0.0,0.0,0.8124260275941011,9.18,1,0,1654.03837755,0.0,7.839985154499999,1,0,1416.0798042501015,0.0,0.0,0,0,0.0,0.0,0.0,0,0,0.0,0.0,0.0,1535.0590909000507,8.5,9.18,2.280014845500002
case1_astar_fixed,11,0.5,16.944743186488303,0.0,0.0,0.8124260275941011,9.17999999917647,1,0,1654.038377401159,0.0,7.764743187323528,1,0,1402.7184066370576,0.0,0.0,0,0,0.0,0.0,0.0,0,0,0.0,0.0,0.0,1528.3783920191083,8.5,9.17999999917647,2.3552568135000023
case1_astar_fixed,12,0.5,16.90006048802738,0.0,0.0,0.8124260275941011,9.17999999917647,1,0,1654.038377401159,0.0,7.720060487908498,1,0,1394.7836950401195,0.0,9.150327554487055e-10,0,0,0.0,0.0,0.0,0,0,0.0,0.0,0.0,1524.4110362206393,8.5,9.17999999917647,2.3999395119999996
case1_astar_fixed,13,0.5,16.81656930250216,0.0,0.0,0.8124260275941011,7.636569281595909,1,0,1379.957405256654,0.0,9.18000002090409,1,0,1654.038381316467,0.0,0.0,0,0,0.0,0.0,0.0,0,0,0.0,0.0,0.0,1516.9978932865606,8.5,9.18000002090409,2.483430697500001
case1_astar_fixed,14,0.5,16.66881174881144,0.34881172420695084,0.0,0.7944460418102297,9.18,1,0,1654.03837755,0.0,2.459304819790731e-08,0,0,4.4311378584178165e-06,0.0,7.14,1,1,1286.47429365,120.0,0.0,0,0,0.0,0.0,120.0,1590.2563378155687,8.15118827579305,9.18,0.23118825120000253
case1_astar_fixed,15,0.5,16.633846612214903,0.3138466121999999,0.0,0.7782683813875422,9.18,1,0,1654.03837755,0.0,0.0,0,0,0.0,0.0,7.14,1,0,1286.47429365,0.0,0.0,0,0,0.0,0.0,0.0,1470.2563356,8.186153387800001,9.18,0.26615338780000286
case1_astar_fixed,16,0.5,16.704475148707097,0.0,0.0,0.7782683813875422,9.144475148699998,1,0,1647.7299079383179,0.0,7.5600000000000005,1,1,1366.3603044,170.0,0.0,0,0,0.0,0.0,0.0,0,0,0.0,0.0,170.0,1677.0451061691588,8.5,9.144475148699998,2.595524851300002
case1_astar_fixed,17,0.5,16.742339504461384,0.0,0.0,0.7782683813875422,9.18,1,0,1654.03837755,0.0,7.562339504499999,1,0,1366.7757514041266,0.0,0.0,0,0,0.0,0.0,0.0,0,0,0.0,0.0,0.0,1510.4070644770632,8.5,9.18,2.557660495500002
case1_astar_fixed,18,0.5,16.72879305964847,0.0,0.0,0.7782683813875422,9.1687930596,1,0,1652.0482596363092,0.0,7.5600000000000005,1,0,1366.3603044,0.0,0.0,0,0,0.0,0.0,0.0,0,0,0.0,0.0,0.0,1509.2042820181546,8.5,9.1687930596,2.5712069403999998
case1_astar_fixed,19,0.5,16.68515340362195,0.3651534036000017,0.0,0.7594460409957813,0.0,0,0,0.0,0.0,9.18,1,0,1654.03837755,0.0,0.0,0,0,0.0,0.0,7.14,1,1,1286.47429365,120.0,120.0,1590.2563356,8.1348465964,9.18,0.21484659640000103
case1_astar_fixed,20,0.5,16.46234048126967,0.14234048130000065,0.0,0.7521089027844378,0.0,0,0,0.0,0.0,9.18,1,0,1654.03837755,0.0,0.0,0,0,0.0,0.0,7.14,1,0,1286.47429365,0.0,0.0,1470.2563356,8.3576595187,9.18,0.4376595187000021
case1_astar_fixed,21,0.5,17.043461399179424,0.0,0.0,0.7521089027844378,9.18,1,1,1654.03837755,170.0,7.863461399200002,1,0,1420.2486936575674,0.0,0.0,0,0,0.0,0.0,0.0,0,0,0.0,0.0,170.0,1707.1435356037837,8.5,9.18,2.256538600799999
case1_astar_fixed,22,0.5,17.439092360607972,0.0,0.0,0.7521089027844378,9.18,1,0,1654.03837755,0.0,8.2590923606,1,0,1490.504466900798,0.0,0.0,0,0,0.0,0.0,0.0,0,0,0.0,0.0,0.0,1572.271422225399,8.5,9.18,1.8609076394000006
case1_astar_fixed,23,0.5,17.635362288713473,0.0,0.0,0.7521089027844378,9.18,1,0,1654.03837755,0.0,8.455362288700002,1,0,1525.3578957483892,0.0,0.0,0,0,0.0,0.0,0.0,0,0,0.0,0.0,0.0,1589.6981366491946,8.5,9.18,1.6646377112999993
case1_astar_fixed,24,0.5,17.798598608418416,0.0,0.0,0.7521089027844378,9.18,1,0,1654.03837755,0.0,8.6185986084,1,0,1554.3452475504835,0.0,0.0,0,0,0.0,0.0,0.0,0,0,0.0,0.0,0.0,1604.1918125502416,8.5,9.18,1.5014013916000017
case1_astar_fixed,25,0.5,17.736249250331426,0.0,0.0,0.7521089027844378,9.18,1,0,1654.03837755,0.0,8.556249250299999,1,0,1543.2733073033555,0.0,0.0,0,0,0.0,0.0,0.0,0,0,0.0,0.0,0.0,1598.6558424266777,8.5,9.18,1.5637507497000023
case1_astar_fixed,26,0.5,17.314460382608857,0.0,0.0,0.7521089027844378,9.18,1,0,1654.03837755,0.0,8.1344603826,1,0,1468.3724377131975,0.0,0.0,0,0,0.0,0.0,0.0,0,0,0.0,0.0,0.0,1561.2054076315987,8.5,9.18,1.9855396174000006
case1_astar_fixed,27,0.5,16.874844470857134,0.0,0.0,0.7521089027844378,9.18,1,0,1654.03837755,0.0,7.6948444709000015,1,0,1390.3058584515084,0.0,0.0,0,0,0.0,0.0,0.0,0,0,0.0,0.0,0.0,1522.1721180007542,8.5,9.18,2.4251555290999995
case1_astar_fixed,28,0.5,16.338219497822543,0.018219497800001427,0.0,0.7511697534133033,0.0,0,0,0.0,0.0,9.18,1,0,1654.03837755,0.0,7.14,1,1,1286.47429365,120.0,0.0,0,0,0.0,0.0,120.0,1590.2563356,8.4817805022,9.18,0.5617805022000013
case1_astar_fixed,29,0.5,16.652604483561632,0.3326044836000017,0.0,0.7340251924029864,0.0,0,0,0.0,0.0,9.18,1,0,1654.03837755,0.0,7.14,1,0,1286.47429365,0.0,0.0,0,0,0.0,0.0,0.0,1470.2563356,8.1673955164,9.18,0.24739551640000101
case1_astar_fixed,30,0.5,16.874096686006645,0.0,0.0,0.7340251924029864,9.18,1,1,1654.03837755,170.0,7.694096686000002,1,0,1390.1730675137537,0.0,0.0,0,0,0.0,0.0,0.0,0,0,0.0,0.0,170.0,1692.1057225318768,8.5,9.18,2.4259033139999993
case1_astar_fixed,31,0.5,16.563361925033696,0.24336192499999942,0.0,0.7214807632792696,9.18,1,0,1654.03837755,0.0,0.0,0,0,0.0,0.0,0.0,0,0,0.0,0.0,7.14,1,1,1286.47429365,120.0,120.0,1590.2563356,8.256638075000001,9.18,0.3366380750000033
case1_astar_fixed,32,0.5,15.885695836567972,0.0,0.0,0.7214807632792696,9.18,1,0,1654.03837755,0.0,0.0,0,0,0.0,0.0,0.0,0,0,0.0,0.0,6.7056958366,1,0,1209.3509696451022,0.0,0.0,1431.6946735975512,8.5,9.18,1.0143041634000003
case1_astar_fixed,33,0.5,15.523251226574855,0.0,0.0,0.7214807632792696,0.0,0,0,0.0,0.0,9.18,1,1,1654.03837755,170.0,0.0,0,0,0.0,0.0,6.3432512266,1,0,1144.9883974053469,0.0,170.0,1569.5133874776734,8.5,9.18,1.376748773400001
case1_astar_fixed,34,0.5,15.573879355605078,0.0,0.0,0.7214807632792696,0.0,0,0,0.0,0.0,9.18,1,0,1654.03837755,0.0,0.0,0,0,0.0,0.0,6.393879355600001,1,0,1153.9788928361554,0.0,0.0,1404.0086351930777,8.5,9.18,1.3261206443999995
case1_astar_fixed,35,0.5,15.757587137659986,0.0,0.0,0.7214807632792696,0.0,0,0,0.0,0.0,9.18,1,0,1654.03837755,0.0,0.0,0,0,0.0,0.0,6.5775871377,1,0,1186.6015476368889,0.0,0.0,1420.3199625934444,8.5,9.18,1.1424128623000005
case1_astar_fixed,36,0.5,15.987165311358385,0.0,0.0,0.7214807632792696,0.0,0,0,0.0,0.0,8.847165312568865,1,0,1594.9339074552713,0.0,-1.1688639848472904e-09,0,0,0.0,0.0,7.14,1,0,1286.47429365,0.0,0.0,1440.7041005526357,8.5,8.847165312568865,0.9128346885999985
case1_astar_fixed,37,0.5,15.993600097448315,0.0,0.0,0.7214807632792696,0.0,0,0,0.0,0.0,8.853600098218205,1,0,1596.0765906234965,0.0,7.139999999181795,1,1,1286.4742935021213,120.0,0.0,0,0,0.0,0.0,120.0,1561.275442062809,8.5,8.853600098218205,0.9063999026000005
case1_astar_fixed,38,0.5,15.91135831566823,0.0,0.0,0.7214807632792696,0.0,0,0,0.0,0.0,9.18,1,0,1654.03837755,0.0,6.7313583157,1,0,1213.9080884967934,0.0,0.0,0,0,0.0,0.0,0.0,1433.9732330233967,8.5,9.18,0.988641684300001
case1_astar_fixed,39,0.5,15.929938444972445,0.0,0.0,0.7214807632792696,0.0,0,0,0.0,0.0,9.18,1,0,1654.03837755,0.0,6.749938445,1,0,1217.2075303461156,0.0,0.0,0,0,0.0,0.0,0.0,1435.6229539480578,8.5,9.18,0.9700615550000009
case1_astar_fixed,40,0.5,16.104189454418567,0.0,0.0,0.7214807632792696,0.0,0,0,0.0,0.0,8.9641894544,1,0,1615.714944263791,0.0,7.14,1,0,1286.47429365,0.0,0.0,0,0,0.0,0.0,0.0,1451.0946189568954,8.5,8.9641894544,0.795810545600002
case1_astar_fixed,41,0.5,16.25399223334424,0.0,0.0,0.7214807632792696,9.113992232476472,1,1,1642.3167804080924,170.0,0.0,0,0,0.0,0.0,7.1400000008235285,1,0,1286.4742937988408,0.0,0.0,0,0,0.0,0.0,170.0,1634.3955371034667,8.5,9.113992232476472,0.6460077667000004
case1_astar_fixed,42,0.5,16.504110147413755,0.18411014504705836,0.0,0.7119905496170459,9.18000000117647,1,0,1654.0383777647658,0.0,0.0,0,0,0.0,0.0,7.14000000117647,1,0,1286.4742938647657,0.0,0.0,0,0,0.0,0.0,0.0,1470.2563358147659,8.315889854952943,9.18000000117647,0.3958898526000034
case1_astar_fixed,43,0.5,16.747546526452485,0.0,0.0,0.7119905496170459,9.18,1,0,1654.03837755,0.0,7.567546526499999,1,1,1367.7004094632684,170.0,0.0,0,0,0.0,0.0,0.0,0,0,0.0,0.0,170.0,1680.8693935066342,8.5,9.18,2.5524534735000017
case1_astar_fixed,44,0.5,16.857205128866866,0.0,0.0,0.7119905496170459,7.677205133259726,1,0,1387.173481498424,0.0,9.179999995640273,1,0,1654.0383767620426,0.0,0.0,0,0,0.0,0.0,0.0,0,0,0.0,0.0,0.0,1520.6059291302333,8.5,9.179999995640273,2.442794871100002
case1_astar_fixed,45,0.5,16.55261666609706,0.23261666257058877,0.0,0.7,0.0,0,0,0.0,0.0,9.18,1,0,1654.03837755,0.0,7.140000003529412,1,1,1286.4742942942976,120.0,0.0,0,0,0.0,0.0,120.0,1590.2563359221488,8.267383337429411,9.18,0.34738333389999987
case1_astar_fixed,46,0.5,15.809932161732604,0.0,0.0,0.7,0.0,0,0,0.0,0.0,9.18,1,0,1654.03837755,0.0,6.629932157438647,1,0,1195.8969269068966,0.0,4.261354667826655e-09,0,0,0.0,0.0,0.0,1424.9676522284483,8.5,9.18,1.0900678382999995
case1_astar_fixed,47,0.5,14.15551033485285,0.0,0.0,0.7,0.0,0,0,0.0,0.0,0.0,0,0,0.0,0.0,7.14,1,0,1286.47429365,0.0,7.015510334900001,1,1,1264.3675362530516,120.0,120.0,1395.420914951526,8.5,7.14,2.744489665099999
