case_name,node_index,time_h,time_utc,lat,lon,speed_out_kts,speed_over_ground_kts,speed_through_water_kts,heading_out_deg,outgoing_phase,outgoing_speed_sog_kts,outgoing_speed_stw_kts,wind_speed_ms,wind_dir_deg,current_speed_ms,current_dir_deg,wave_height_m,wave_period_s,wave_dir_deg,P_prop_MW,P_service_MW,P_req_MW,fuel_step_kg,milp_total_dg_MW,milp_P_dc_MW,milp_P_c_MW,milp_SOC,milp_DG1_P_MW,milp_DG1_ON,milp_DG1_Start,milp_DG1_FC_kgh,milp_DG1_StartFuel_kg,milp_DG2_P_MW,milp_DG2_ON,milp_DG2_Start,milp_DG2_FC_kgh,milp_DG2_StartFuel_kg,milp_DG3_P_MW,milp_DG3_ON,milp_DG3_Start,milp_DG3_FC_kgh,milp_DG3_StartFuel_kg,milp_DG4_P_MW,milp_DG4_ON,milp_DG4_Start,milp_DG4_FC_kgh,milp_DG4_StartFuel_kg,milp_StartFuel_kg,milp_FuelWithStart_kg,milp_ESS_N1_reserve_MW,milp_N1_largest_output_MW,milp_N1_min_margin_MW
case2_ga_twostage,0,0.0,2024-09-14T06:00:00+00:00,31.0,122.0,18.331851798575695,18.331851798575695,18.438780871656906,59.69257147161935,departure,18.331851798575695,18.438780871656906,7.31058272359463,44.64923425969164,0.06231595613909797,211.6677025613315,0.7194396257400513,3.737545967102051,62.890707801684854,14.340123184341865,2.5,16.840123184341863,1519.0892313259465,16.8401231843,0.0,0.0,0.7,9.18,1,1,1654.03837755,170.0,7.6601231843000015,1,1,1384.140085101893,170.0,0.0,0,0,0.0,0.0,0.0,0,0,0.0,0.0,340.0,1859.0892313259465,8.5,9.18,2.4598768156999995
case2_ga_twostage,1,0.5,2024-09-14T06:30:00+00:00,31.07694830398568,122.15388441112565,18.00106170669945,18.00106170669945,18.136231861223578,59.67148004185808,cruising,18.00106170669945,18.136231861223578,7.380340952095397,43.061466018244175,0.07243848056105669,223.401486243332,0.7412637770175934,3.757535934448242,61.91507715285396,13.599531045442873,3.5,17.099531045442873,1542.1219330670606,17.0995310454,0.0,0.0,0.7,9.18,1,0,1654.03837755,0.0,7.919531045399999,1,0,1430.2054885841212,0.0,0.0,0,0,0.0,0.0,0.0,0,0,0.0,0.0,0.0,1542.1219330670606,8.5,9.18,2.2004689546000016
case2_ga_twostage,2,1.0,2024-09-14T07:00:00+00:00,31.152557135350037,122.3050799031964,17.89703063405648,17.89703063405648,18.099652379701887,58.01696376320448,cruising,17.89703063405648,18.099652379701887,7.4761676957026255,42.15789914152617,0.1238780211288852,205.31084368202846,0.9114033579826355,4.341979026794434,64.83007223324148,13.521654755403835,3.5,17.021654755403837,1535.2073339771625,17.0216547554,0.0,0.0,0.7,9.18,1,0,1654.03837755,0.0,7.8416547554000005,1,0,1416.3762904043251,0.0,0.0,0,0,0.0,0.0,0.0,0,0,0.0,0.0,0.0,1535.2073339771625,8.5,9.18,2.2783452446000005
case2_ga_twostage,3,1.5,2024-09-14T07:30:00+00:00,31.231415188518355,122.45292297175692,17.809491095710253,17.809491095710253,18.409255280228535,52.00191443512407,cruising,17.809491095710253,18.409255280228535,7.4698948735380934,40.62032431476507,0.312526178745693,222.8469287649293,0.9283331632614136,4.357091903686523,64.0674775020822,14.263907170212056,3.5,17.763907170212057,1601.111576100804,17.7639071702,0.0,0.0,0.7,9.18,1,0,1654.03837755,0.0,8.5839071702,1,0,1548.184774651608,0.0,0.0,0,0,0.0,0.0,0.0,0,0,0.0,0.0,0.0,1601.111576100804,8.5,9.18,1.5360928298000012
case2_ga_twostage,4,2.0,2024-09-14T08:00:00+00:00,31.32264910685374,122.58973812220026,18.744454404139095,18.744454404139095,19.22711760492727,51.97226548562393,cruising,18.744454404139095,19.22711760492727,7.439559416116364,38.59783022909221,0.2744021990364249,257.16409677156855,0.9824944138526917,4.933728218078613,81.03144567304084,16.515801382312777,3.5,20.015801382312777,1807.6847102380157,20.0158013823,0.0,0.0,0.7,7.5600000000000005,1,0,1366.3603044,0.0,0.0,0,0,0.0,0.0,5.88,1,1,1062.7246812,120.0,6.575801382300001,1,1,1186.2844348760314,120.0,240.0,2047.6847102380157,8.5,7.5600000000000005,5.2841986176999995
case2_ga_twostage,5,2.5,2024-09-14T08:30:00+00:00,31.418732035925437,122.73382480999601,18.32197649361621,18.32197649361621,18.72840892516748,54.830940127812575,cruising,18.32197649361621,18.72840892516748,7.493442769527087,37.68092531316421,0.2454702146942757,266.4250897296048,1.0018049776554108,4.945518493652344,80.24417023565087,15.155222052689732,3.5,18.65522205268973,1723.9813591929542,19.062140446384237,0.0,0.4069183936842361,0.7193286237000012,7.3021404463842385,1,0,1322.5133559859084,0.0,0.0,0,0,0.0,0.0,5.88,1,0,1062.7246812,0.0,5.88,1,0,1062.7246812,0.0,0.0,1723.9813591929542,8.5,7.3021404463842385,6.237859553615762
case2_ga_twostage,6,3.0,2024-09-14T09:00:00+00:00,31.50653380269159,122.88011905795071,17.510575147656933,17.510575147656933,17.965632418517824,59.55112721718482,cruising,17.510575147656933,17.965632418517824,7.499576371638812,37.16350482916539,0.2455620038739439,257.12481620885524,1.2031223773956299,5.549838066101074,85.86314147246601,13.291321739654292,3.5,16.791321739654293,1470.2563356,16.32,0.4713217396999996,0.0,0.695033688663908,0.0,0,0,0.0,0.0,9.18,1,1,1654.03837755,170.0,7.14,1,0,1286.47429365,0.0,0.0,0,0,0.0,0.0,170.0,1640.2563356,8.028678260300001,9.18,0.10867826030000316
case2_ga_twostage,7,3.5,2024-09-14T09:30:00+00:00,31.58034782538988,123.0276838859349,17.891443879199105,17.891443879199105,18.063067308217025,59.52953537115608,cruising,17.891443879199105,18.063067308217025,7.302519091729002,36.37644774523244,0.09489520432823485,261.03204244310143,1.2078540325164795,5.614206790924072,86.16373119323835,13.525777263335598,3.5,17.0257772633356,1535.5733695108718,17.0257772633,0.0,0.0,0.695033688663908,7.8457772633000005,1,1,1417.1083614717436,170.0,9.18,1,0,1654.03837755,0.0,0.0,0,0,0.0,0.0,0.0,0,0,0.0,0.0,170.0,1705.5733695108718,8.5,9.18,2.2742227367000005
case2_ga_twostage,8,4.0,2024-09-14T10:00:00+00:00,31.655813659277804,123.1785472352247,18.002101320553358,18.002101320553358,18.112917987203353,59.50786729551742,cruising,18.002101320553358,18.112917987203353,7.025687969171935,35.85649171778272,0.11746538645389296,300.4740546267375,1.212585687637329,5.67857551574707,86.46432090898963,13.642429729849185,3.5,17.142429729849184,1545.9308870389318,17.1424297298,0.0,0.0,0.695033688663908,7.9624297298,1,0,1437.8233965278637,0.0,9.18,1,0,1654.03837755,0.0,0.0,0,0,0.0,0.0,0.0,0,0,0.0,0.0,0.0,1545.9308870389318,8.5,9.18,2.157570270200001
case2_ga_twostage,9,4.5,2024-09-14T10:30:00+00:00,31.73179432689586,123.3304341972073,18.094700135328083,18.094700135328083,18.336850651596784,59.47920828974871,cruising,18.094700135328083,18.336850651596784,7.249238232677956,36.625298270947496,0.1758684276687606,284.3800082821733,1.3531237244606018,5.997898578643799,88.50771538398502,14.222171262015934,3.5,17.722171262015934,1597.4058644797728,17.722171262,0.0,0.0,0.695033688663908,9.18,1,0,1654.03837755,0.0,8.542171262,1,0,1540.7733514095455,0.0,0.0,0,0,0.0,0.0,0.0,0,0,0.0,0.0,0.0,1597.4058644797728,8.5,9.18,1.577828738000001
case2_ga_twostage,10,5.0,2024-09-14T11:00:00+00:00,31.808230079440523,123.4831835924931,18.157820376711758,18.157820376711758,18.27283142266489,59.4573870894845,cruising,18.157820376711758,18.27283142266489,7.5116719410513415,36.967384431684934,0.10524218713799552,295.2495809865868,1.2218111753463745,5.876791954040527,91.79329598241367,14.051497365095967,3.5,17.55149736509597,1582.2518096040958,17.5514973651,0.0,0.0,0.695033688663908,9.18,1,0,1654.03837755,0.0,8.371497365100002,1,0,1510.4652416581916,0.0,0.0,0,0,0.0,0.0,0.0,0,0,0.0,0.0,0.0,1582.2518096040958,8.5,9.18,1.7485026348999995
case2_ga_twostage,11,5.5,2024-09-14T11:30:00+00:00,31.88498151798676,123.63655896790247,17.70463829616565,17.70463829616565,17.731770025751263,59.4354890508386,cruising,17.70463829616565,17.731770025751263,7.624604108185395,35.93071766077463,0.12032186173417615,322.7739810487103,1.2362411618232727,5.888166904449463,91.14256679172445,12.768438330655423,3.5,16.26843833065542,1465.6781992812896,16.2684383307,0.0,0.0,0.695033688663908,0.0,0,0,0.0,0.0,9.1284383307,1,0,1644.8821049125793,0.0,0.0,0,0,0.0,0.0,7.14,1,1,1286.47429365,120.0,120.0,1585.6781992812896,8.5,9.1284383307,0.6315616693000017
case2_ga_twostage,12,6.0,2024-09-14T12:00:00+00:00,31.95986794234776,123.78619446363223,17.54297387887831,17.54297387887831,17.55418226769569,56.009828752859576,cruising,17.54297387887831,17.55418226769569,7.749475394184724,34.49373849399717,0.15661025687189206,323.8998314831281,1.330383062362671,6.018926620483398,89.89808925217913,12.37596069677324,3.5,15.87596069677324,1430.8302951223934,15.8759606968,0.0,0.0,0.695033688663908,0.0,0,0,0.0,0.0,8.7359606968,1,0,1575.1862965947869,0.0,0.0,0,0,0.0,0.0,7.14,1,0,1286.47429365,0.0,0.0,1430.8302951223934,8.5,8.7359606968,1.0240393032000021
case2_ga_twostage,13,6.5,2024-09-14T12:30:00+00:00,32.04146127779311,123.92909362926417,17.673443683068623,17.673443683068623,17.67849721485735,55.98649049051518,cruising,17.673443683068623,17.67849721485735,7.869948484410772,31.674570867130683,0.09918710274232348,324.4845584741097,1.3495113849639893,6.044149398803711,89.07909491311817,12.679537885175662,3.5,16.179537885175662,1457.7847706196794,16.1795378852,0.0,0.0,0.695033688663908,0.0,0,0,0.0,0.0,9.039537885199998,1,0,1629.095247589359,0.0,7.14,1,1,1286.47429365,120.0,0.0,0,0,0.0,0.0,120.0,1577.7847706196794,8.5,9.039537885199998,0.7204621148000037
case2_ga_twostage,14,7.0,2024-09-14T13:00:00+00:00,32.12371032199611,124.07314558031804,17.799864428266538,17.799864428266538,17.741357538516585,55.96324365754111,cruising,17.799864428266538,17.741357538516585,8.012522139189505,29.11889504211149,0.06105386504833456,355.5000793603726,1.3686397075653076,6.069372177124023,88.26010059588634,12.846681888076334,3.5,16.346681888076333,1470.2563356,16.32,0.026681888100001494,0.0,0.6936583336072063,9.18,1,1,1654.03837755,170.0,0.0,0,0,0.0,0.0,7.14,1,0,1286.47429365,0.0,0.0,0,0,0.0,0.0,170.0,1640.2563356,8.4733181119,9.18,0.5533181119000012
case2_ga_twostage,15,7.5,2024-09-14T13:30:00+00:00,32.20659674540199,124.21832023487497,17.81358094846303,17.81358094846303,17.704292624990646,55.939745626603326,cruising,17.81358094846303,17.704292624990646,8.322751498220462,28.38492266924908,0.07124309497656324,18.04750976937693,1.3960765600204468,6.070684432983398,86.72881654530062,12.785187878864544,3.5,16.285187878864544,1467.165383772743,16.2851878789,0.0,0.0,0.6936583336072063,9.1451878789,1,0,1647.8564738954863,0.0,0.0,0,0,0.0,0.0,7.14,1,0,1286.47429365,0.0,0.0,0,0,0.0,0.0,0.0,1467.165383772743,8.5,9.1451878789,0.6148121211000017
case2_ga_twostage,16,8.0,2024-09-14T14:00:00+00:00,32.289597165617984,124.36369931119079,17.84357316918622,17.84357316918622,17.738287114572916,55.9161674330237,cruising,17.84357316918622,17.738287114572916,8.614820444755727,28.674679246221785,0.06450438362532337,23.023718713185275,1.355642318725586,6.087621688842773,86.62722109616305,12.864540640163867,3.5,16.364540640163867,1470.2563356,16.32,0.044540640200001924,0.0,0.6913624243185454,9.18,1,0,1654.03837755,0.0,0.0,0,0,0.0,0.0,0.0,0,0,0.0,0.0,7.14,1,1,1286.47429365,120.0,120.0,1590.2563356,8.455459359799999,9.18,0.5354593598000008
case2_ga_twostage,17,8.5,2024-09-14T14:30:00+00:00,32.37278762148763,124.50941648425945,17.91058584157718,17.91058584157718,17.83643215900851,55.89250889022978,cruising,17.91058584157718,17.83643215900851,9.10294151095131,30.685430184673123,0.04274777452046549,29.068320560886796,1.402806282043457,6.049659729003906,83.95359466850776,13.093392114338506,3.5,16.593392114338506,1497.0481234055924,16.5933921143,0.0,0.0,0.6913624243185454,9.453392114299998,1,0,1707.6219531611846,0.0,0.0,0,0,0.0,0.0,0.0,0,0,0.0,0.0,7.14,1,0,1286.47429365,0.0,0.0,1497.0481234055924,8.5,9.453392114299998,0.30660788570000364
case2_ga_twostage,18,9.0,2024-09-14T15:00:00+00:00,32.45634096611688,124.6557754910278,17.50436905427827,17.50436905427827,17.42823687169003,55.86442823625773,cruising,17.50436905427827,17.42823687169003,9.588515264710782,32.55012108552785,0.04926282021219565,18.5231399288637,1.4499702453613281,6.011697769165039,81.2799682161741,12.174267553760927,3.5,15.674267553760927,1412.9220560033173,15.6742675538,0.0,0.0,0.6913624243185454,8.5342675538,1,0,1539.3698183566344,0.0,0.0,0,0,0.0,0.0,7.14,1,1,1286.47429365,120.0,0.0,0,0,0.0,0.0,120.0,1532.9220560033173,8.5,8.5342675538,1.225732446200002
case2_ga_twostage,19,9.5,2024-09-14T15:30:00+00:00,32.538060112282444,124.79889751561699,17.63375901643758,17.63375901643758,17.53342657382478,55.840150347945055,cruising,17.63375901643758,17.53342657382478,9.779376852493659,32.480732185972215,0.07029026733450391,13.08978722662387,1.5752883553504944,6.158971309661865,80.27424005192503,12.43340538131851,3.5,15.93340538131851,1435.930781588341,15.9334053813,0.0,0.0,0.6913624243185454,0.0,0,0,0.0,0.0,9.18,1,1,1654.03837755,170.0,6.7534053813,1,0,1217.823185626682,0.0,0.0,0,0,0.0,0.0,170.0,1605.930781588341,8.5,9.18,0.9665946187000003
case2_ga_twostage,20,10.0,2024-09-14T16:00:00+00:00,32.6204339963957,124.94316853026551,17.82439181311422,17.82439181311422,17.65054096896372,55.81624963075264,cruising,17.82439181311422,17.65054096896372,9.89213817817507,31.71018824954001,0.11476870387602753,17.010605649501798,1.6350547075271606,6.128754615783691,77.72945216892755,12.714067142932794,3.5,16.214067142932794,1460.8506071389497,16.2140671429,0.0,0.0,0.6913624243185454,0.0,0,0,0.0,0.0,9.074067142899999,1,0,1635.2269206278997,0.0,0.0,0,0,0.0,0.0,7.14,1,1,1286.47429365,120.0,120.0,1580.8506071389497,8.5,9.074067142899999,0.6859328571000027
case2_ga_twostage,21,10.5,2024-09-14T16:30:00+00:00,32.703748506599894,125.08909388269161,17.916788731132673,17.916788731132673,17.80926068297741,55.79226781067452,cruising,17.916788731132673,17.80926068297741,9.954259255890596,30.661191218997033,0.1352366081341377,349.936800496743,1.6917880177497864,6.129144191741943,75.67660069754479,13.094957099572472,3.5,16.594957099572472,1470.2563356,16.32,0.27495709959999903,0.0,0.6771893779474052,0.0,0,0,0.0,0.0,9.18,1,0,1654.03837755,0.0,0.0,0,0,0.0,0.0,7.14,1,0,1286.47429365,0.0,0.0,1470.2563356,8.225042900400002,9.18,0.3050429004000037
case2_ga_twostage,22,11.0,2024-09-14T17:00:00+00:00,32.78754588743709,125.23587195362829,18.017326003470938,18.017326003470938,18.201243969247862,55.768204697413196,cruising,18.017326003470938,18.201243969247862,9.983017234558142,29.719737183640234,0.13279726663592184,280.33108991688084,1.554551601409912,5.937395095825195,70.47531064358009,14.010897576568613,3.5,17.510897576568613,1578.6469735158312,17.5108975766,0.0,0.0,0.6771893779474052,9.18,1,1,1654.03837755,170.0,8.330897576600002,1,0,1503.2555694816624,0.0,0.0,0,0,0.0,0.0,0.0,0,0,0.0,0.0,170.0,1748.6469735158312,8.5,9.18,1.7891024233999993
case2_ga_twostage,23,11.5,2024-09-14T17:30:00+00:00,32.8718648787247,125.38357166642183,18.274112388977564,18.274112388977564,18.53322955263515,52.54096563851466,cruising,18.274112388977564,18.53322955263515,9.699945598489794,31.364229555761597,0.1493417421481082,259.3401581182925,1.5824590921401978,6.1011528968811035,70.60683688678948,14.809085375712007,3.5,18.30908537571201,1649.5176920519198,18.3090853757,0.0,0.0,0.6771893779474052,9.18,1,0,1654.03837755,0.0,9.1290853757,1,0,1644.9970065538396,0.0,0.0,0,0,0.0,0.0,0.0,0,0,0.0,0.0,0.0,1649.5176920519198,8.5,9.18,0.9909146243000002
case2_ga_twostage,24,12.0,2024-09-14T18:00:00+00:00,32.96433839992841,125.52755099569455,19.113839652647165,19.113839652647165,19.468615516292754,51.49765636998036,cruising,19.113839652647165,19.468615516292754,9.4467503024697,33.89251829034765,0.23280991955875785,269.87359856485705,1.6106107234954834,6.156756401062012,70.589929584568,17.39975511330669,3.5,20.89975511330669,1886.1705454503099,20.8997551133,0.0,0.0,0.6771893779474052,0.0,0,0,0.0,0.0,7.5600000000000005,1,0,1366.3603044,0.0,7.14,1,1,1286.47429365,120.0,6.199755113299999,1,1,1119.5064928506197,120.0,240.0,2126.17054545031,8.5,7.5600000000000005,4.400244886700001
case2_ga_twostage,25,12.5,2024-09-14T18:30:00+00:00,33.063344055665624,125.6761872921509,18.10423506955769,18.10423506955769,18.464930486173632,51.46580996331555,cruising,18.10423506955769,18.464930486173632,9.10787750423977,37.46186820562389,0.2569634277115572,275.2362898300004,1.6250964999198914,6.237553119659424,72.23026386590855,14.57148790090838,3.5,18.07148790090838,1745.9048334,19.32,0.0,1.248512099100001,0.7364937026546552,0.0,0,0,0.0,0.0,7.5600000000000005,1,0,1366.3603044,0.0,5.88,1,0,1062.7246812,0.0,5.88,1,0,1062.7246812,0.0,0.0,1745.9048334,8.5,7.5600000000000005,5.98
case2_ga_twostage,26,13.0,2024-09-14T19:00:00+00:00,33.157189920225306,125.81706065628028,18.836280646586626,18.836280646586626,19.076376568737594,51.43383429148197,cruising,18.836280646586626,19.076376568737594,8.58934010481995,41.93891344032602,0.24005130888753393,290.46714752689786,1.4512277841567993,6.737539291381836,89.22216014223137,16.162777032699537,3.5,19.662777032699537,1776.3398445997564,19.6627770327,0.0,0.0,0.7364937026546552,0.0,0,0,0.0,0.0,7.5600000000000005,1,0,1366.3603044,0.0,6.222777032699999,1,0,1123.5947035995125,0.0,5.88,1,0,1062.7246812,0.0,0.0,1776.3398445997564,8.5,7.5600000000000005,5.637222967300001
case2_ga_twostage,27,13.5,2024-09-14T19:30:00+00:00,33.25489534208596,125.96372868641895,18.511656976617225,18.511656976617225,18.618167824782006,51.40172902202768,cruising,18.511656976617225,18.618167824782006,7.387725495589036,46.33744190801974,0.26883251441870387,309.6412050947646,1.084936797618866,5.318483829498291,64.51176884163877,14.772995873559674,3.5,18.272995873559672,1646.3133221676385,18.2729958736,0.0,0.0,0.7364937026546552,9.18,1,1,1654.03837755,170.0,9.0929958736,1,0,1638.588266785277,0.0,0.0,0,0,0.0,0.0,0.0,0,0,0.0,0.0,170.0,1816.3133221676385,8.5,9.18,1.0270041264000014
case2_ga_twostage,28,14.0,2024-09-14T20:00:00+00:00,33.35098566221231,126.10796345169683,18.946993505412767,18.946993505412767,18.89638700925328,51.36949382112168,cruising,18.946993505412767,18.89638700925328,6.995005808994766,54.74050844164276,0.1740820116516625,329.97042417438547,1.1045100688934326,5.360854148864746,66.4185629554223,15.508222366819552,3.5,19.008222366819552,1654.03837755,18.36,0.6482223667999989,0.0,0.7030801785927848,9.18,1,0,1654.03837755,0.0,9.18,1,0,1654.03837755,0.0,0.0,0,0,0.0,0.0,0.0,0,0,0.0,0.0,0.0,1654.03837755,7.851777633200001,9.18,0.2917776332000024
case2_ga_twostage,29,14.5,2024-09-14T20:30:00+00:00,33.4494028421823,126.25569107182588,17.678875145039406,17.678875145039406,17.672372230089074,59.03949040612135,cruising,17.678875145039406,17.672372230089074,7.155496314154043,61.5040945330133,0.10200343506341099,330.9189452811244,0.8104657232761383,5.464834690093994,81.6785677335495,12.434293433874767,3.5,15.934293433874767,1436.0096313602005,15.934293433900002,0.0,0.0,0.7030801785927848,0.0,0,0,0.0,0.0,8.794293433900002,1,0,1585.544969070401,0.0,7.14,1,1,1286.47429365,120.0,0.0,0,0,0.0,0.0,120.0,1556.0096313602005,8.5,8.794293433900002,0.9657065660999997
case2_ga_twostage,30,15.0,2024-09-14T21:00:00+00:00,33.525050132947094,126.40713264159965,17.715286093879268,17.715286093879268,17.77899322926845,59.01894058500064,cruising,17.715286093879268,17.77899322926845,6.912120108578385,65.85463419401299,0.11582839157874589,312.58253465766967,0.8345366716384888,5.508756637573242,81.83701107209504,12.70437038260805,3.5,16.204370382608047,1459.9896363615112,16.2043703826,0.0,0.0,0.7030801785927848,0.0,0,0,0.0,0.0,9.0643703826,1,0,1633.5049790730222,0.0,7.14,1,0,1286.47429365,0.0,0.0,0,0,0.0,0.0,0.0,1459.9896363615112,8.5,9.0643703826,0.6956296174000016
case2_ga_twostage,31,15.5,2024-09-14T21:30:00+00:00,33.60089817779591,126.55898676872144,17.599129469373704,17.599129469373704,17.646428147849257,60.770635984245516,cruising,17.599129469373704,17.646428147849257,6.601379149499805,59.4990036744648,0.024623004708329014,249.58022437612468,0.8462032377719879,5.616750717163086,82.61102520116201,12.369883680677367,3.5,15.869883680677367,1430.2907197266682,15.8698836807,0.0,0.0,0.7030801785927848,0.0,0,0,0.0,0.0,8.729883680699999,1,0,1574.1071458033366,0.0,7.14,1,0,1286.47429365,0.0,0.0,0,0,0.0,0.0,0.0,1430.2907197266682,8.5,8.729883680699999,1.030116319300003
case2_ga_twostage,32,16.0,2024-09-14T22:00:00+00:00,33.67236974392957,126.7126709794379,17.914289732451223,17.914289732451223,17.612311354295013,60.74996173578619,cruising,17.914289732451223,17.612311354295013,6.383193147986516,53.00784831665908,0.16031629673211603,75.04713814376244,0.8578698039054871,5.724744796752931,83.38503935279658,12.329468046962358,3.5,15.829468046962358,1426.702234656313,15.829468047000002,0.0,0.0,0.7030801785927848,0.0,0,0,0.0,0.0,8.689468047000002,1,0,1566.930175662626,0.0,7.14,1,0,1286.47429365,0.0,0.0,0,0,0.0,0.0,0.0,1426.702234656313,8.5,8.689468047000002,1.0705319529999997
case2_ga_twostage,33,16.5,2024-09-14T22:30:00+00:00,33.74516621398967,126.86920835778342,18.093482270320557,18.093482270320557,17.572081669095457,60.72922505845774,cruising,18.093482270320557,17.572081669095457,7.2928546225230955,48.09312272941088,0.271527283010377,69.66549643201182,1.1962547302246094,6.904197692871094,107.86639968402983,12.341689036133396,3.5,15.841689036133396,1427.7873305193607,15.8416890361,0.0,0.0,0.7030801785927848,0.0,0,0,0.0,0.0,8.7016890361,1,0,1569.1003673887215,0.0,0.0,0,0,0.0,0.0,7.14,1,1,1286.47429365,120.0,120.0,1547.7873305193607,8.5,8.7016890361,1.0583109639000021
case2_ga_twostage,34,17.0,2024-09-14T23:00:00+00:00,33.81873719134478,127.02741533227898,18.103514085131287,18.103514085131287,17.584115603688105,59.25126436240173,cruising,18.103514085131287,17.584115603688105,7.757539322610551,42.547864359740856,0.26720302364100984,59.053527863125744,0.9632284045219421,5.132234573364258,83.04307258681384,12.354803800719438,3.5,15.854803800719438,1428.9517842878618,15.8548038007,0.0,0.0,0.7030801785927848,0.0,0,0,0.0,0.0,9.18,1,0,1654.03837755,0.0,0.0,0,0,0.0,0.0,6.6748038006999995,1,0,1203.8651910257238,0.0,0.0,1428.9517842878618,8.5,9.18,1.0451961993000012
case2_ga_twostage,35,17.5,2024-09-14T23:30:00+00:00,33.89571906883807,127.18350957168614,17.991933765288163,17.991933765288163,17.56816788406113,59.20744921913675,cruising,17.991933765288163,17.56816788406113,7.577255588532778,44.85138070492718,0.2180181981833233,59.86559351736343,0.9739651083946228,5.1758012771606445,83.33245412151086,12.30094809893929,3.5,15.80094809893929,1424.1699619045394,15.800948098900001,0.0,0.0,0.7030801785927848,0.0,0,0,0.0,0.0,8.6609480989,1,0,1561.865630159079,0.0,0.0,0,0,0.0,0.0,7.14,1,0,1286.47429365,0.0,0.0,1424.1699619045394,8.5,8.6609480989,1.099051901100001
case2_ga_twostage,36,18.0,2024-09-15T00:00:00+00:00,33.972325329422254,127.33871066578033,17.921435224862712,17.921435224862712,17.624227874101223,59.17944601276112,cruising,17.921435224862712,17.624227874101223,7.900699411473826,45.87911895463293,0.1531466361256447,62.45434515538878,0.9043795466423035,5.563117980957031,90.7233946743144,12.421705520329581,3.5,15.921705520329581,1434.8919564437106,15.921705520300002,0.0,0.0,0.7030801785927848,0.0,0,0,0.0,0.0,8.781705520300001,1,0,1583.3096192374212,0.0,0.0,0,0,0.0,0.0,7.14,1,0,1286.47429365,0.0,0.0,1434.8919564437106,8.5,8.781705520300001,0.9782944797000006
case2_ga_twostage,37,18.5,2024-09-15T00:30:00+00:00,34.04869422885732,127.4933976459846,17.99051392926243,17.99051392926243,17.65600264977203,59.155439011590154,cruising,17.99051392926243,17.65600264977203,8.19998704372983,51.445725990432834,0.18531336786892333,37.37749983878867,0.9375817179679871,5.585427284240723,91.54725544016978,12.460293929751233,3.5,15.960293929751233,1438.3182031384276,15.960293929800002,0.0,0.0,0.7030801785927848,0.0,0,0,0.0,0.0,8.820293929800002,1,0,1590.1621126268553,0.0,0.0,0,0,0.0,0.0,7.14,1,0,1286.47429365,0.0,0.0,1438.3182031384276,8.5,8.820293929800002,0.9397060701999997
case2_ga_twostage,38,19.0,2024-09-15T01:00:00+00:00,34.125410790321105,127.64878277179487,17.978753516881607,17.978753516881607,17.598149520746112,58.202766756794105,cruising,17.978753516881607,17.598149520746112,8.404398715529725,56.246727534669276,0.21280540354579078,35.14154115617535,0.9707838892936707,5.607736587524414,92.37111619378699,12.29231930806871,3.5,15.79231930806871,1423.403815635725,15.7923193081,0.0,0.0,0.7030801785927848,0.0,0,0,0.0,0.0,9.18,1,0,1654.03837755,0.0,0.0,0,0,0.0,0.0,6.6123193081,1,0,1192.76925372145,0.0,0.0,1423.403815635725,8.5,9.18,1.1076806919000006
case2_ga_twostage,39,19.5,2024-09-15T01:30:00+00:00,34.20420559172139,127.80264660122054,18.062520012645546,18.062520012645546,17.680448269149643,58.178593527350685,cruising,18.062520012645546,17.680448269149643,8.629745456984859,58.434140571795865,0.21083052910120748,36.97272934495681,1.0389641523361206,5.841439723968506,96.83516401567192,12.475134388104546,3.5,15.975134388104546,1439.6358804373187,15.975134388100003,0.0,0.0,0.7030801785927848,0.0,0,0,0.0,0.0,8.835134388100002,1,0,1592.7974672246376,0.0,0.0,0,0,0.0,0.0,7.14,1,0,1286.47429365,0.0,0.0,1439.6358804373187,8.5,8.835134388100002,0.9248656118999996
case2_ga_twostage,40,20.0,2024-09-15T02:00:00+00:00,34.283420758084134,127.95733237815904,17.949194771878155,17.949194771878155,17.64895217613059,58.11253753664462,cruising,17.949194771878155,17.64895217613059,8.924828021926874,60.128625917163106,0.17922308415842284,27.63406522846492,0.972500741481781,4.439400672912598,78.55703143165634,12.40375113399906,3.5,15.90375113399906,1433.2977949451379,15.903751134,0.0,0.0,0.7030801785927848,0.0,0,0,0.0,0.0,8.763751134,1,0,1580.121296240276,0.0,0.0,0,0,0.0,0.0,7.14,1,0,1286.47429365,0.0,0.0,1433.2977949451379,8.5,8.763751134,0.996248866000002
case2_ga_twostage,41,20.5,2024-09-15T02:30:00+00:00,34.36228575774005,128.11108199427,17.8402230793305,17.8402230793305,17.611186799522606,57.976369464153265,cruising,17.8402230793305,17.611186799522606,9.103585803981433,62.55051494725632,0.14093910492893102,24.697403271893137,0.9857362508773804,4.512343406677246,80.94440796065788,12.34256296420795,3.5,15.84256296420795,1427.8649261835212,15.8425629642,0.0,0.0,0.7030801785927848,0.0,0,0,0.0,0.0,9.18,1,0,1654.03837755,0.0,6.662562964200001,1,1,1201.6914748170425,120.0,0.0,0,0,0.0,0.0,120.0,1547.8649261835212,8.5,9.18,1.0574370357999996
case2_ga_twostage,42,21.0,2024-09-15T03:00:00+00:00,34.440972116796246,128.2638153601033,17.776080877256046,17.776080877256046,17.670240385007112,57.89622755432508,cruising,17.776080877256046,17.670240385007112,9.221444108653113,65.16944218986282,0.08194169686513662,9.539034859473546,0.8736055493354797,4.4278154373168945,84.41772300366445,12.491093617433044,3.5,15.991093617433044,1441.0528928860786,15.9910936174,0.0,0.0,0.7030801785927848,0.0,0,0,0.0,0.0,8.8510936174,1,0,1595.6314921221574,0.0,7.14,1,0,1286.47429365,0.0,0.0,0,0,0.0,0.0,0.0,1441.0528928860786,8.5,8.8510936174,0.9089063826000015
case2_ga_twostage,43,21.5,2024-09-15T03:30:00+00:00,34.5195512725503,128.4160095906417,17.707164469628907,17.707164469628907,17.706006004507696,57.83297975667492,cruising,17.707164469628907,17.706006004507696,8.702543039487779,65.94332178332417,0.05130065849687476,328.4986061446644,0.8755453526973724,4.498412132263184,84.9454233616361,12.573649018280399,3.5,16.0736490182804,1448.382948027757,16.0736490183,0.0,0.0,0.7030801785927848,0.0,0,0,0.0,0.0,8.933649018299999,1,0,1610.2916024055141,0.0,7.14,1,0,1286.47429365,0.0,0.0,0,0,0.0,0.0,0.0,1448.382948027757,8.5,8.933649018299999,0.8263509817000028
case2_ga_twostage,44,22.0,2024-09-15T04:00:00+00:00,34.597963842339624,128.5676515666897,17.654074460197325,17.654074460197325,17.690255157957008,54.32205872577745,cruising,17.654074460197325,17.690255157957008,8.158330730745632,68.72142065677679,0.06259164221325779,307.02228771989803,0.8774851560592651,4.569008827209473,85.47312373427525,12.581429419849291,3.5,16.081429419849293,1449.0737662104277,16.0814294198,0.0,0.0,0.7030801785927848,0.0,0,0,0.0,0.0,8.941429419799999,1,0,1611.6732387708555,0.0,7.14,1,0,1286.47429365,0.0,0.0,0,0,0.0,0.0,0.0,1449.0737662104277,8.5,8.941429419799999,0.818570580200003
case2_ga_twostage,45,22.5,2024-09-15T04:30:00+00:00,34.68362301409918,128.71288208495827,17.72416840330377,17.72416840330377,17.607620350114868,53.21524189089258,cruising,17.72416840330377,17.607620350114868,8.21215259788557,65.0670980267596,0.09078342287496069,4.54905246141918,0.8830193281173706,4.6531243324279785,86.26812039564606,12.37941260253987,3.5,15.87941260253987,1431.1367882027862,15.8794126025,0.0,0.0,0.7030801785927848,0.0,0,0,0.0,0.0,9.18,1,0,1654.03837755,0.0,0.0,0,0,0.0,0.0,6.699412602500001,1,1,1208.2351988555722,120.0,120.0,1551.1367882027862,8.5,9.18,1.0205873975
case2_ga_twostage,46,23.0,2024-09-15T05:00:00+00:00,34.77192402985687,128.8567934757881,17.85707984956549,17.85707984956549,17.44076529793349,54.7625168313744,cruising,17.85707984956549,17.44076529793349,8.118352375828453,60.42557787228702,0.2452770054954893,25.592605583666924,0.7747839689254761,4.132503509521484,76.70374114573366,11.947112578628365,3.5,15.447112578628365,1392.7530728020915,15.447112578600002,0.0,0.0,0.7030801785927848,0.0,0,0,0.0,0.0,8.307112578600002,1,0,1499.031851954183,0.0,0.0,0,0,0.0,0.0,7.14,1,0,1286.47429365,0.0,0.0,1392.7530728020915,8.5,8.307112578600002,1.4528874213999998
case2_ga_twostage,47,23.5,2024-09-15T05:30:00+00:00,34.85763447757037,129.00481225215066,18.09566350719935,18.09566350719935,17.41009760142379,52.15697771875491,approach,18.09566350719935,17.41009760142379,8.206385220532649,52.23133375186251,0.40315361730326676,23.180193859050647,0.7889187932014465,4.120498180389404,73.59750729913983,11.839755464674589,2.5,14.339755464674589,1286.47429365,14.28,0.05975546470000026,0.0,0.7,0.0,0,0,0.0,0.0,0.0,0,0,0.0,0.0,7.14,1,1,1286.47429365,120.0,7.14,1,0,1286.47429365,0.0,120.0,1406.47429365,8.4402445353,7.14,2.5602445353000016
case2_ga_twostage,48,24.0,2024-09-15T06:00:00+00:00,34.95,129.15,,,,,,,,,,,,,,,,,,,,,,,,,,,,,,,,,,,,,,,,,,,,,,,
