t,dt_h,P_req_MW,P_dc_MW,P_c_MW,SOC,DG1_P_MW,DG1_ON,DG1_Start,DG1_FC_kgh,DG1_StartFuel_kg,DG2_P_MW,DG2_ON,DG2_Start,DG2_FC_kgh,DG2_StartFuel_kg,DG3_P_MW,DG3_ON,DG3_Start,DG3_FC_kgh,DG3_StartFuel_kg,DG4_P_MW,DG4_ON,DG4_Start,DG4_FC_kgh,DG4_StartFuel_kg,StartFuel_kg,FuelWithStart_kg,ESS_N1_reserve_MW,N1_largest_output_MW,N1_min_margin_MW
0,0.5,14.385555211027285,0.0,3.9744447889999996,0.6887861274775,9.18,1,1,1654.03837755,170.0,9.18,1,1,1654.03837755,170.0,0.0,0,0,0.0,0.0,0.0,0,0,0.0,0.0,340.0,1994.03837755,8.5,9.18,0.9400000000000013
1,0.5,15.656799845366816,0.0,0.0,0.6887861274775,7.5600000000000005,1,0,1366.3603044,0.0,8.0967998454,1,0,1461.6847150122776,0.0,0.0,0,0,0.0,0.0,0.0,0,0,0.0,0.0,0.0,1414.0225097061389,8.5,8.0967998454,3.6432001546000006
2,0.5,15.392728357136589,0.0,0.5532132906543057,0.7150637587835795,0.0,0,0,0.0,0.0,9.18,1,0,1654.03837755,0.0,0.0,0,0,0.0,0.0,6.765941647754305,1,1,1220.0493640082063,120.0,120.0,1557.0438707791031,8.5,9.18,0.9540583522456956
3,0.5,15.483998541283519,0.0,0.0,0.7150637587835795,0.0,0,0,0.0,0.0,9.18,1,0,1654.03837755,0.0,0.0,0,0,0.0,0.0,6.3039985413,1,0,1138.017942545429,0.0,0.0,1396.0281600477144,8.5,9.18,1.4160014587000003
4,0.5,15.373388561765752,0.0,0.0,0.7150637587835795,0.0,0,0,0.0,0.0,9.18,1,0,1654.03837755,0.0,6.193388561800001,1,1,1118.3759266357247,120.0,0.0,0,0,0.0,0.0,120.0,1506.2071520928623,8.5,9.18,1.5266114381999998
5,0.5,14.973065016111047,0.0,0.0,0.7150637587835795,0.0,0,0,0.0,0.0,9.093065016099999,1,0,1638.60054504526,0.0,5.88,1,0,1062.7246812,0.0,0.0,0,0,0.0,0.0,0.0,1350.66261312263,8.5,9.093065016099999,1.9269349839000007
6,0.5,15.537082871121804,0.0,0.0,0.7150637587835795,0.0,0,0,0.0,0.0,9.18,1,0,1654.03837755,0.0,6.357082871100001,1,0,1147.4446077993323,0.0,0.0,0,0,0.0,0.0,0.0,1400.741492674666,8.5,9.18,1.3629171288999995
7,0.5,15.61486475664228,0.0,0.0,0.7150637587835795,0.0,0,0,0.0,0.0,9.18,1,0,1654.03837755,0.0,6.4348647566,1,0,1161.257041716995,0.0,0.0,0,0,0.0,0.0,0.0,1407.6477096334975,8.5,9.18,1.285135243400001
8,0.5,16.123895942571764,0.0,0.0,0.7150637587835795,0.0,0,0,0.0,0.0,8.9838959426,1,0,1619.2144038649822,0.0,7.14,1,0,1286.47429365,0.0,0.0,0,0,0.0,0.0,0.0,1452.844348757491,8.5,8.9838959426,0.7761040574000013
9,0.5,15.511859718764901,0.0,0.0,0.7150637587835795,0.0,0,0,0.0,0.0,9.18,1,0,1654.03837755,0.0,6.3318597188000005,1,0,1142.9655041867193,0.0,0.0,0,0,0.0,0.0,0.0,1398.5019408683597,8.5,9.18,1.3881402812
10,0.5,16.269238267441686,0.0,0.0,0.7150637587835795,0.0,0,0,0.0,0.0,9.129238267399998,1,0,1645.0241569178245,0.0,7.14,1,0,1286.47429365,0.0,0.0,0,0,0.0,0.0,0.0,1465.7492252839122,8.5,9.129238267399998,0.6307617326000035
11,0.5,16.298130707708026,0.0,0.0,0.7150637587835795,0.0,0,0,0.0,0.0,9.1581307077,1,0,1650.154849235174,0.0,7.14,1,0,1286.47429365,0.0,0.0,0,0,0.0,0.0,0.0,1468.3145714425868,8.5,9.1581307077,0.6018692923000017
12,0.5,16.744481190820636,0.0,0.0,0.7150637587835795,9.18,1,1,1654.03837755,170.0,7.564481190799999,1,0,1367.1560700387413,0.0,0.0,0,0,0.0,0.0,0.0,0,0,0.0,0.0,170.0,1680.5972237943706,8.5,9.18,2.5555188092000023
13,0.5,16.026116705963965,0.0,0.0,0.7150637587835795,8.886116706,1,0,1601.8508591864845,0.0,0.0,0,0,0.0,0.0,0.0,0,0,0.0,0.0,7.14,1,1,1286.47429365,120.0,120.0,1564.1625764182422,8.5,8.886116706,0.8738832940000023
14,0.5,15.787737248131993,0.0,0.0,0.7150637587835795,0.0,0,0,0.0,0.0,8.6477372481,1,1,1559.5196597252416,170.0,0.0,0,0,0.0,0.0,7.14,1,0,1286.47429365,0.0,170.0,1592.9969766876206,8.5,8.6477372481,1.1122627519000012
15,0.5,16.063304488116657,0.0,0.0,0.7150637587835795,0.0,0,0,0.0,0.0,8.923304488100001,1,0,1608.4546304823182,0.0,0.0,0,0,0.0,0.0,7.14,1,0,1286.47429365,0.0,0.0,1447.464462066159,8.5,8.923304488100001,0.8366955119000004
16,0.5,16.15257244026806,0.0,0.0,0.7150637587835795,9.012572440299998,1,1,1624.3067492989487,170.0,0.0,0,0,0.0,0.0,0.0,0,0,0.0,0.0,7.14,1,0,1286.47429365,0.0,170.0,1625.3905214744743,8.5,9.012572440299998,0.7474275597000037
17,0.5,15.879391268824385,0.0,0.0,0.7150637587835795,8.739391268799999,1,0,1575.7954943372329,0.0,0.0,0,0,0.0,0.0,0.0,0,0,0.0,0.0,7.14,1,0,1286.47429365,0.0,0.0,1431.1348939936165,8.5,8.739391268799999,1.020608731200003
18,0.5,16.082454152231207,0.0,0.0,0.7150637587835795,8.9424541522,1,0,1611.8552097846375,0.0,0.0,0,0,0.0,0.0,0.0,0,0,0.0,0.0,7.14,1,0,1286.47429365,0.0,0.0,1449.1647517173187,8.5,8.9424541522,0.8175458478000017
19,0.5,16.077968812612383,0.0,0.0,0.7150637587835795,0.0,0,0,0.0,0.0,8.937968812600001,1,1,1611.0587074059024,170.0,0.0,0,0,0.0,0.0,7.14,1,0,1286.47429365,0.0,170.0,1618.7665005279512,8.5,8.937968812600001,0.8220311874000004
20,0.5,16.116622231291256,0.0,0.0,0.7150637587835795,0.0,0,0,0.0,0.0,8.976622231299999,1,0,1617.9227450678006,0.0,0.0,0,0,0.0,0.0,7.14,1,0,1286.47429365,0.0,0.0,1452.1985193589003,8.5,8.976622231299999,0.783377768700003
21,0.5,16.239247310026677,0.0,0.0,0.7150637587835795,9.18,1,1,1654.03837755,170.0,0.0,0,0,0.0,0.0,7.05924731,1,1,1272.1343070692103,120.0,0.0,0,0,0.0,0.0,290.0,1753.0863423096052,8.5,9.18,0.6607526900000007
22,0.5,15.86215002327091,0.0,0.0,0.7150637587835795,8.7221500233,1,0,1572.733810211217,0.0,0.0,0,0,0.0,0.0,7.14,1,0,1286.47429365,0.0,0.0,0,0,0.0,0.0,0.0,1429.6040519306084,8.5,8.7221500233,1.0378499767000022
23,0.5,16.57026025965647,0.2502602597000001,0.0,0.7021637453969759,9.18,1,0,1654.03837755,0.0,0.0,0,0,0.0,0.0,0.0,0,0,0.0,0.0,7.14,1,1,1286.47429365,120.0,120.0,1590.2563356,8.2497397403,9.18,0.32973974030000264
24,0.5,16.26583162191052,0.0,0.0,0.7021637453969759,9.125831621899998,1,0,1644.4192080206979,0.0,0.0,0,0,0.0,0.0,0.0,0,0,0.0,0.0,7.14,1,0,1286.47429365,0.0,0.0,1465.446750835349,8.5,9.125831621899998,0.6341683781000036
25,0.5,16.395538327701157,0.07553832769999946,0.0,0.6982700171650155,9.18,1,0,1654.03837755,0.0,0.0,0,0,0.0,0.0,0.0,0,0,0.0,0.0,7.14,1,0,1286.47429365,0.0,0.0,1470.2563356,8.424461672300001,9.18,0.5044616723000033
26,0.5,16.401394113686408,0.08139411370000094,0.0,0.6940744442938795,9.18,1,0,1654.03837755,0.0,0.0,0,0,0.0,0.0,0.0,0,0,0.0,0.0,7.14,1,0,1286.47429365,0.0,0.0,1470.2563356,8.4186058863,9.18,0.4986058863000018
27,0.5,15.713181921240475,0.0,0.0,0.6940744442938795,0.0,0,0,0.0,0.0,9.18,1,1,1654.03837755,170.0,6.533181921200001,1,1,1178.7161111427354,120.0,0.0,0,0,0.0,0.0,290.0,1706.3772443463677,8.5,9.18,1.1868180788
28,0.5,15.032572851423257,0.0,0.0,0.6940744442938795,0.0,0,0,0.0,0.0,7.8925728514,1,0,1425.4182779016994,0.0,7.14,1,0,1286.47429365,0.0,0.0,0,0,0.0,0.0,0.0,1355.9462857758497,8.5,7.8925728514,1.8674271486000018
29,0.5,15.26038485856828,0.0,0.0,0.6940744442938795,0.0,0,0,0.0,0.0,9.18,1,0,1654.03837755,0.0,6.0803848586,1,0,1098.308835527459,0.0,0.0,0,0,0.0,0.0,0.0,1376.1736065387295,8.5,9.18,1.6396151414000002
30,0.5,16.610913233647572,0.2909132336000022,0.0,0.6790789167887182,0.0,0,0,0.0,0.0,9.18,1,0,1654.03837755,0.0,7.14,1,0,1286.47429365,0.0,0.0,0,0,0.0,0.0,0.0,1470.2563356,8.209086766399999,9.18,0.2890867664000005
31,0.5,16.33593446052705,0.01593446049999958,0.0,0.6782575528454189,0.0,0,0,0.0,0.0,9.18,1,0,1654.03837755,0.0,7.14,1,0,1286.47429365,0.0,0.0,0,0,0.0,0.0,0.0,1470.2563356,8.484065539500001,9.18,0.5640655395000032
32,0.5,16.803052889723162,0.0,0.0,0.6782575528454189,9.18,1,1,1654.03837755,170.0,7.6230528896999985,1,0,1377.557177125577,0.0,0.0,0,0,0.0,0.0,0.0,0,0,0.0,0.0,170.0,1685.7977773377884,8.5,9.18,2.4969471103000025
33,0.5,16.93563092965833,0.0,0.0,0.6782575528454189,9.18,1,0,1654.03837755,0.0,7.755630929700001,1,0,1401.1002605139747,0.0,0.0,0,0,0.0,0.0,0.0,0,0,0.0,0.0,0.0,1527.5693190319873,8.5,9.18,2.3643690703000004
34,0.5,16.971500018524907,0.0,0.0,0.6782575528454189,9.18,1,0,1654.03837755,0.0,7.791500018499999,1,0,1407.4698594964623,0.0,0.0,0,0,0.0,0.0,0.0,0,0,0.0,0.0,0.0,1530.7541185232312,8.5,9.18,2.328499981500002
35,0.5,16.50201175696901,0.18201175699999883,0.0,0.6688755035155179,0.0,0,0,0.0,0.0,9.18,1,0,1654.03837755,0.0,0.0,0,0,0.0,0.0,7.14,1,1,1286.47429365,120.0,120.0,1590.2563356,8.317988243000002,9.18,0.3979882430000039
36,0.5,16.42302358353089,0.10302358350000151,0.0,0.6635650095206702,0.0,0,0,0.0,0.0,9.18,1,0,1654.03837755,0.0,0.0,0,0,0.0,0.0,7.14,1,0,1286.47429365,0.0,0.0,1470.2563356,8.3969764165,9.18,0.4769764165000012
37,0.5,16.46162649926532,0.14162649930000004,0.0,0.6562646745052031,0.0,0,0,0.0,0.0,9.18,1,0,1654.03837755,0.0,7.14,1,1,1286.47429365,120.0,0.0,0,0,0.0,0.0,120.0,1590.2563356,8.3583735007,9.18,0.4383735007000027
38,0.5,16.20709708891185,0.0,0.0,0.6562646745052031,0.0,0,0,0.0,0.0,9.067097088899999,1,0,1633.9891850078557,0.0,7.14,1,0,1286.47429365,0.0,0.0,0,0,0.0,0.0,0.0,1460.2317393289277,8.5,9.067097088899999,0.6929029111000027
39,0.5,16.037770833203187,0.0,0.0,0.6562646745052031,0.0,0,0,0.0,0.0,8.8977708332,1,0,1603.9203881106457,0.0,0.0,0,0,0.0,0.0,7.14,1,1,1286.47429365,120.0,120.0,1565.1973408803228,8.5,8.8977708332,0.8622291668000024
40,0.5,16.4493885452669,0.12938854530000032,0.0,0.6495951618608703,0.0,0,0,0.0,0.0,9.18,1,0,1654.03837755,0.0,0.0,0,0,0.0,0.0,7.14,1,0,1286.47429365,0.0,0.0,1470.2563356,8.3706114547,9.18,0.4506114547000024
41,0.5,16.478561662297302,0.15856166229999946,0.0,0.641421880299011,0.0,0,0,0.0,0.0,9.18,1,0,1654.03837755,0.0,0.0,0,0,0.0,0.0,7.14,1,0,1286.47429365,0.0,0.0,1470.2563356,8.341438337700001,9.18,0.4214383377000033
42,0.5,16.444109995506835,0.12410999550000046,0.0,0.6350244578505546,0.0,0,0,0.0,0.0,9.18,1,0,1654.03837755,0.0,7.14,1,1,1286.47429365,120.0,0.0,0,0,0.0,0.0,120.0,1590.2563356,8.3758900045,9.18,0.4558900045000023
43,0.5,16.589225221835395,0.2692252218000002,0.0,0.6211468690979711,0.0,0,0,0.0,0.0,9.18,1,0,1654.03837755,0.0,7.14,1,0,1286.47429365,0.0,0.0,0,0,0.0,0.0,0.0,1470.2563356,8.170249260500638,9.18,0.2502492605006381
44,0.5,16.415669077201635,0.09566907720000106,0.0,0.6162154733660101,9.18,1,1,1654.03837755,170.0,0.0,0,0,0.0,0.0,7.14,1,0,1286.47429365,0.0,0.0,0,0,0.0,0.0,170.0,1640.2563356,8.074580183300595,9.18,0.1545801833005953
45,0.5,16.414147305975014,0.09414730600000087,0.0,0.6113625194484822,9.18,1,0,1654.03837755,0.0,0.0,0,0,0.0,0.0,0.0,0,0,0.0,0.0,7.14,1,1,1286.47429365,120.0,120.0,1590.2563356,7.980432877300554,9.18,0.06043287730055624
46,0.5,16.380432877327983,1.2662460057996032,0.0,0.5460921067783708,7.974186871500395,1,0,1439.9112186699138,0.0,0.0,0,0,0.0,0.0,0.0,0,0,0.0,0.0,7.14,1,0,1286.47429365,0.0,0.0,1363.1927561599568,6.714186871500394,7.974186871500395,0.0
47,0.5,15.114186871495455,0.8941868715000005,0.0,0.5,0.0,0,0,0.0,0.0,0.0,0,0,0.0,0.0,7.14,1,1,1286.47429365,120.0,7.079999999999999,1,0,1275.8195501999999,0.0,120.0,1401.1469219249998,5.82,7.14,1.7763568394002505e-15
