profile,t,delta_mw,compensation_mw_on_other_steps,base_P_req_t_MW,mutated_P_req_t_MW,base_energy_mwh,mutated_energy_mwh,energy_error_mwh,feasible,base_fuel_kg,mutated_fuel_kg,delta_fuel_kg,abs_delta_fuel_kg,dg_count_changes,commitment_pattern_changes,base_count_at_t,mutated_count_at_t,base_commitment_at_t,mutated_commitment_at_t
case2_seed_profile,0,0.25,0.005319148936170213,14.385555211027285,14.635555211027285,385.433050236777,385.433050236777,0.0,True,69919.72468683976,69921.17518618869,1.4504993489244953,1.4504993489244953,0,48,2,2,DG2+DG4,DG1+DG4
case2_seed_profile,0,-0.25,-0.005319148936170213,14.385555211027285,14.135555211027285,385.433050236777,385.433050236777,0.0,True,69919.72468683976,69919.99874873011,0.2740618903480936,0.2740618903480936,0,48,2,2,DG2+DG4,DG1+DG4
case2_seed_profile,1,0.25,0.005319148936170213,15.656799845366816,15.906799845366816,385.433050236777,385.433050236777,0.0,True,69919.72468683976,69919.45062499451,-0.2740618452517083,0.2740618452517083,0,48,2,2,DG2+DG4,DG1+DG4
case2_seed_profile,1,-0.25,-0.005319148936170213,15.656799845366816,15.406799845366816,385.433050236777,385.433050236777,0.0,True,69919.72468683976,69919.99874873899,0.2740618992247619,0.2740618992247619,0,48,2,2,DG2+DG4,DG1+DG4
case2_seed_profile,2,0.25,0.005319148936170213,15.392728357136589,15.642728357136589,385.433050236777,385.433050236777,0.0,True,69919.72468683976,69919.45062498562,-0.2740618541429285,0.2740618541429285,0,48,2,2,DG2+DG4,DG1+DG3
case2_seed_profile,2,-0.25,-0.005319148936170213,15.392728357136589,15.142728357136589,385.433050236777,385.433050236777,0.0,True,69919.72468683976,69923.58899172238,3.864304882619763,3.864304882619763,0,33,2,2,DG2+DG4,DG2+DG3
case2_seed_profile,3,0.25,0.005319148936170213,15.483998541283519,15.733998541283519,385.433050236777,385.433050236777,0.0,True,69919.72468683976,69919.45062499451,-0.2740618452517083,0.2740618452517083,0,48,2,2,DG2+DG4,DG1+DG3
case2_seed_profile,3,-0.25,-0.005319148936170213,15.483998541283519,15.233998541283519,385.433050236777,385.433050236777,0.0,True,69919.72468683976,69919.99874873899,0.2740618992247619,0.2740618992247619,0,0,2,2,DG2+DG4,DG2+DG4
case2_seed_profile,4,0.25,0.005319148936170213,15.373388561765752,15.623388561765752,385.433050236777,385.433050236777,0.0,True,69919.72468683976,69919.45062499451,-0.2740618452517083,0.2740618452517083,0,0,2,2,DG2+DG4,DG2+DG4
case2_seed_profile,4,-0.25,-0.005319148936170213,15.373388561765752,15.123388561765752,385.433050236777,385.433050236777,0.0,True,69919.72468683976,69919.99874873899,0.2740618992247619,0.2740618992247619,0,46,2,2,DG2+DG4,DG2+DG3
case2_seed_profile,5,0.25,0.005319148936170213,14.973065016111047,15.223065016111047,385.433050236777,385.433050236777,0.0,True,69919.72468683976,69919.45062498563,-0.2740618541283766,0.2740618541283766,0,0,2,2,DG2+DG4,DG2+DG4
case2_seed_profile,5,-0.25,-0.005319148936170213,14.973065016111047,14.723065016111047,385.433050236777,385.433050236777,0.0,True,69919.72468683976,69919.998748739,0.2740618992393138,0.2740618992393138,0,46,2,2,DG2+DG4,DG2+DG3
case2_seed_profile,6,0.25,0.005319148936170213,15.537082871121804,15.787082871121804,385.433050236777,385.433050236777,0.0,True,69919.72468683976,69919.45062498563,-0.2740618541283766,0.2740618541283766,0,46,2,2,DG2+DG4,DG2+DG3
case2_seed_profile,6,-0.25,-0.005319148936170213,15.537082871121804,15.287082871121804,385.433050236777,385.433050236777,0.0,True,69919.72468683976,69919.99874873011,0.2740618903480936,0.2740618903480936,0,0,2,2,DG2+DG4,DG2+DG4
case2_seed_profile,7,0.25,0.005319148936170213,15.61486475664228,15.86486475664228,385.433050236777,385.433050236777,0.0,True,69919.72468683976,69919.45062498563,-0.2740618541283766,0.2740618541283766,0,33,2,2,DG2+DG4,DG2+DG3
case2_seed_profile,7,-0.25,-0.005319148936170213,15.61486475664228,15.36486475664228,385.433050236777,385.433050236777,0.0,True,69919.72468683976,69919.99874873011,0.2740618903480936,0.2740618903480936,0,33,2,2,DG2+DG4,DG2+DG3
case2_seed_profile,8,0.25,0.005319148936170213,16.123895942571764,16.373895942571764,385.433050236777,385.433050236777,0.0,True,69919.72468683976,69919.63786809712,-0.08681874263857026,0.08681874263857026,0,48,2,2,DG2+DG4,DG1+DG3
case2_seed_profile,8,-0.25,-0.005319148936170213,16.123895942571764,15.873895942571764,385.433050236777,385.433050236777,0.0,True,69919.72468683976,69919.99874873899,0.2740618992247619,0.2740618992247619,0,33,2,2,DG2+DG4,DG2+DG3
case2_seed_profile,9,0.25,0.005319148936170213,15.511859718764901,15.761859718764901,385.433050236777,385.433050236777,0.0,True,69919.72468683976,69919.45062499451,-0.2740618452517083,0.2740618452517083,0,33,2,2,DG2+DG4,DG2+DG3
case2_seed_profile,9,-0.25,-0.005319148936170213,15.511859718764901,15.261859718764901,385.433050236777,385.433050236777,0.0,True,69919.72468683976,69923.58899173126,3.864304891496431,3.864304891496431,0,48,2,2,DG2+DG4,DG1+DG3
case2_seed_profile,10,0.25,0.005319148936170213,16.269238267441686,16.519238267441686,385.433050236777,385.433050236777,0.0,True,69919.72468683976,69920.15744586292,0.43275902315508574,0.43275902315508574,0,13,2,2,DG2+DG4,DG2+DG4
case2_seed_profile,10,-0.25,-0.005319148936170213,16.269238267441686,16.019238267441686,385.433050236777,385.433050236777,0.0,True,69919.72468683976,69919.99874873011,0.2740618903480936,0.2740618903480936,0,46,2,2,DG2+DG4,DG2+DG3
case2_seed_profile,11,0.25,0.005319148936170213,16.298130707708026,16.548130707708026,385.433050236777,385.433050236777,0.0,True,69919.72468683976,69920.37598050585,0.6512936660874402,0.6512936660874402,0,48,2,2,DG2+DG4,DG1+DG4
case2_seed_profile,11,-0.25,-0.005319148936170213,16.298130707708026,16.048130707708026,385.433050236777,385.433050236777,0.0,True,69919.72468683976,69919.99874873899,0.2740618992247619,0.2740618992247619,0,48,2,2,DG2+DG4,DG1+DG3
case2_seed_profile,12,0.25,0.005319148936170213,16.744481190820636,16.994481190820636,385.433050236777,385.433050236777,0.0,True,69919.72468683976,69933.99709234593,14.27240550616989,14.27240550616989,2,48,2,2,DG2+DG4,DG1+DG2
case2_seed_profile,12,-0.25,-0.005319148936170213,16.744481190820636,16.494481190820636,385.433050236777,385.433050236777,0.0,True,69919.72468683976,69919.11172927542,-0.6129575643426506,0.6129575643426506,0,48,2,2,DG2+DG4,DG1+DG4
case2_seed_profile,13,0.25,0.005319148936170213,16.026116705963965,16.276116705963965,385.433050236777,385.433050236777,0.0,True,69919.72468683976,69919.4506249945,-0.2740618452662602,0.2740618452662602,0,0,2,2,DG2+DG4,DG2+DG4
case2_seed_profile,13,-0.25,-0.005319148936170213,16.026116705963965,15.776116705963965,385.433050236777,385.433050236777,0.0,True,69919.72468683976,69921.46423415959,1.73954731982667,1.73954731982667,0,48,2,2,DG2+DG4,DG1+DG4
case2_seed_profile,14,0.25,0.005319148936170213,15.787737248131993,16.037737248131993,385.433050236777,385.433050236777,0.0,True,69919.72468683976,69919.45062498563,-0.2740618541283766,0.2740618541283766,0,46,2,2,DG2+DG4,DG2+DG3
case2_seed_profile,14,-0.25,-0.005319148936170213,15.787737248131993,15.537737248131993,385.433050236777,385.433050236777,0.0,True,69919.72468683976,69919.99874873011,0.2740618903480936,0.2740618903480936,0,46,2,2,DG2+DG4,DG2+DG3
case2_seed_profile,15,0.25,0.005319148936170213,16.063304488116657,16.313304488116657,385.433050236777,385.433050236777,0.0,True,69919.72468683976,69919.45062498563,-0.2740618541283766,0.2740618541283766,0,48,2,2,DG2+DG4,DG1+DG3
case2_seed_profile,15,-0.25,-0.005319148936170213,16.063304488116657,15.813304488116657,385.433050236777,385.433050236777,0.0,True,69919.72468683976,69919.99874873011,0.2740618903480936,0.2740618903480936,0,46,2,2,DG2+DG4,DG2+DG3
case2_seed_profile,16,0.25,0.005319148936170213,16.15257244026806,16.40257244026806,385.433050236777,385.433050236777,0.0,True,69919.72468683976,69919.73749482489,0.01280798512743786,0.01280798512743786,0,33,2,2,DG2+DG4,DG2+DG3
case2_seed_profile,16,-0.25,-0.005319148936170213,16.15257244026806,15.90257244026806,385.433050236777,385.433050236777,0.0,True,69919.72468683976,69919.998748739,0.2740618992393138,0.2740618992393138,0,48,2,2,DG2+DG4,DG1+DG3
case2_seed_profile,17,0.25,0.005319148936170213,15.879391268824385,16.129391268824385,385.433050236777,385.433050236777,0.0,True,69919.72468683976,69919.45062498563,-0.2740618541283766,0.2740618541283766,0,48,2,2,DG2+DG4,DG1+DG4
case2_seed_profile,17,-0.25,-0.005319148936170213,15.879391268824385,15.629391268824385,385.433050236777,385.433050236777,0.0,True,69919.72468683976,69919.99874873011,0.2740618903480936,0.2740618903480936,0,48,2,2,DG2+DG4,DG1+DG4
case2_seed_profile,18,0.25,0.005319148936170213,16.082454152231207,16.332454152231207,385.433050236777,385.433050236777,0.0,True,69919.72468683976,69919.4938926972,-0.23079414256790187,0.23079414256790187,0,46,2,2,DG2+DG4,DG2+DG3
case2_seed_profile,18,-0.25,-0.005319148936170213,16.082454152231207,15.832454152231207,385.433050236777,385.433050236777,0.0,True,69919.72468683976,69919.99874873011,0.2740618903480936,0.2740618903480936,0,48,2,2,DG2+DG4,DG1+DG3
case2_seed_profile,19,0.25,0.005319148936170213,16.077968812612383,16.327968812612383,385.433050236777,385.433050236777,0.0,True,69919.72468683976,69919.47830991188,-0.24637692788382992,0.24637692788382992,0,46,2,2,DG2+DG4,DG2+DG3
case2_seed_profile,19,-0.25,-0.005319148936170213,16.077968812612383,15.827968812612383,385.433050236777,385.433050236777,0.0,True,69919.72468683976,69919.998748739,0.2740618992393138,0.2740618992393138,0,0,2,2,DG2+DG4,DG2+DG4
case2_seed_profile,20,0.25,0.005319148936170213,16.116622231291256,16.366622231291256,385.433050236777,385.433050236777,0.0,True,69919.72468683976,69919.61259805482,-0.11208878493926022,0.11208878493926022,0,46,2,2,DG2+DG4,DG2+DG3
case2_seed_profile,20,-0.25,-0.005319148936170213,16.116622231291256,15.866622231291256,385.433050236777,385.433050236777,0.0,True,69919.72468683976,69919.99874873899,0.2740618992247619,0.2740618992247619,0,33,2,2,DG2+DG4,DG2+DG3
case2_seed_profile,21,0.25,0.005319148936170213,16.239247310026677,16.489247310026677,385.433050236777,385.433050236777,0.0,True,69919.72468683976,69920.03861714061,0.31393030085018836,0.31393030085018836,0,48,2,2,DG2+DG4,DG1+DG3
case2_seed_profile,21,-0.25,-0.005319148936170213,16.239247310026677,15.989247310026677,385.433050236777,385.433050236777,0.0,True,69919.72468683976,69919.99874873013,0.2740618903626455,0.2740618903626455,0,48,2,2,DG2+DG4,DG1+DG4
case2_seed_profile,22,0.25,0.005319148936170213,15.86215002327091,16.11215002327091,385.433050236777,385.433050236777,0.0,True,69919.72468683976,69919.45062499451,-0.2740618452517083,0.2740618452517083,0,48,2,2,DG2+DG4,DG1+DG3
case2_seed_profile,22,-0.25,-0.005319148936170213,15.86215002327091,15.61215002327091,385.433050236777,385.433050236777,0.0,True,69919.72468683976,69919.998748739,0.2740618992393138,0.2740618992393138,0,0,2,2,DG2+DG4,DG2+DG4
case2_seed_profile,23,0.25,0.005319148936170213,16.57026025965647,16.82026025965647,385.433050236777,385.433050236777,0.0,True,69919.72468683976,69925.14253567661,5.4178488368488615,5.4178488368488615,0,48,2,2,DG2+DG4,DG1+DG3
case2_seed_profile,23,-0.25,-0.005319148936170213,16.57026025965647,16.32026025965647,385.433050236777,385.433050236777,0.0,True,69919.72468683976,69919.11172928465,-0.6129575551167363,0.6129575551167363,0,13,2,2,DG2+DG4,DG2+DG4
case2_seed_profile,24,0.25,0.005319148936170213,16.26583162191052,16.51583162191052,385.433050236777,385.433050236777,0.0,True,69919.72468683976,69920.13066887503,0.4059820352704264,0.4059820352704264,0,0,2,2,DG2+DG4,DG2+DG4
case2_seed_profile,24,-0.25,-0.005319148936170213,16.26583162191052,16.01583162191052,385.433050236777,385.433050236777,0.0,True,69919.72468683976,69919.99874873902,0.2740618992538657,0.2740618992538657,0,0,2,2,DG2+DG4,DG2+DG4
case2_seed_profile,25,0.25,0.005319148936170213,16.395538327701157,16.645538327701157,385.433050236777,385.433050236777,0.0,True,69919.72468683976,69920.58162655817,0.8569397184037371,0.8569397184037371,0,46,2,2,DG2+DG4,DG2+DG3
case2_seed_profile,25,-0.25,-0.005319148936170213,16.395538327701157,16.145538327701157,385.433050236777,385.433050236777,0.0,True,69919.72468683976,69919.71783696611,-0.0068498736509354785,0.0068498736509354785,0,48,2,2,DG2+DG4,DG1+DG3
case2_seed_profile,26,0.25,0.005319148936170213,16.401394113686408,16.651394113686408,385.433050236777,385.433050236777,0.0,True,69919.72468683976,69920.58162655817,0.8569397184037371,0.8569397184037371,0,48,2,2,DG2+DG4,DG1+DG4
case2_seed_profile,26,-0.25,-0.005319148936170213,16.401394113686408,16.151394113686408,385.433050236777,385.433050236777,0.0,True,69919.72468683976,69919.69749303136,-0.02719380840426311,0.02719380840426311,0,48,2,2,DG2+DG4,DG1+DG3
case2_seed_profile,27,0.25,0.005319148936170213,15.713181921240475,15.963181921240475,385.433050236777,385.433050236777,0.0,True,69919.72468683976,69921.50385279971,1.7791659599461127,1.7791659599461127,0,13,2,2,DG2+DG4,DG2+DG4
case2_seed_profile,27,-0.25,-0.005319148936170213,15.713181921240475,15.463181921240475,385.433050236777,385.433050236777,0.0,True,69919.72468683976,69919.99874873013,0.2740618903626455,0.2740618903626455,0,13,2,2,DG2+DG4,DG2+DG4
case2_seed_profile,28,0.25,0.005319148936170213,15.032572851423257,15.282572851423257,385.433050236777,385.433050236777,0.0,True,69919.72468683976,69919.45062498563,-0.2740618541283766,0.2740618541283766,0,48,2,2,DG2+DG4,DG1+DG3
case2_seed_profile,28,-0.25,-0.005319148936170213,15.032572851423257,14.782572851423257,385.433050236777,385.433050236777,0.0,True,69919.72468683976,69919.99874873011,0.2740618903480936,0.2740618903480936,0,13,2,2,DG2+DG4,DG2+DG4
case2_seed_profile,29,0.25,0.005319148936170213,15.26038485856828,15.51038485856828,385.433050236777,385.433050236777,0.0,True,69919.72468683976,69919.45062499451,-0.2740618452517083,0.2740618452517083,0,48,2,2,DG2+DG4,DG1+DG3
case2_seed_profile,29,-0.25,-0.005319148936170213,15.26038485856828,15.01038485856828,385.433050236777,385.433050236777,0.0,True,69919.72468683976,69923.72416582755,3.999478987781913,3.999478987781913,0,33,2,2,DG2+DG4,DG2+DG3
case2_seed_profile,30,0.25,0.005319148936170213,16.610913233647572,16.860913233647572,385.433050236777,385.433050236777,0.0,True,69919.72468683976,69920.58162655817,0.8569397184037371,0.8569397184037371,0,48,2,2,DG2+DG4,DG1+DG4
case2_seed_profile,30,-0.25,-0.005319148936170213,16.610913233647572,16.360913233647572,385.433050236777,385.433050236777,0.0,True,69919.72468683976,69919.11172927542,-0.6129575643426506,0.6129575643426506,0,48,2,2,DG2+DG4,DG1+DG4
case2_seed_profile,31,0.25,0.005319148936170213,16.33593446052705,16.58593446052705,385.433050236777,385.433050236777,0.0,True,69919.72468683976,69920.58162655817,0.8569397184037371,0.8569397184037371,0,46,2,2,DG2+DG4,DG2+DG3
case2_seed_profile,31,-0.25,-0.005319148936170213,16.33593446052705,16.08593446052705,385.433050236777,385.433050236777,0.0,True,69919.72468683976,69919.92491030012,0.20022346035693772,0.20022346035693772,0,46,2,2,DG2+DG4,DG2+DG3
case2_seed_profile,32,0.25,0.005319148936170213,16.803052889723162,17.053052889723162,385.433050236777,385.433050236777,0.0,True,69919.72468683976,69933.99709234593,14.27240550616989,14.27240550616989,2,48,2,2,DG2+DG4,DG1+DG2
case2_seed_profile,32,-0.25,-0.005319148936170213,16.803052889723162,16.553052889723162,385.433050236777,385.433050236777,0.0,True,69919.72468683976,69919.11172927542,-0.6129575643426506,0.6129575643426506,0,48,2,2,DG2+DG4,DG1+DG4
case2_seed_profile,33,0.25,0.005319148936170213,16.93563092965833,17.18563092965833,385.433050236777,385.433050236777,0.0,True,69919.72468683976,69918.48844456873,-1.236242271028459,1.236242271028459,0,48,3,3,DG2+DG3+DG4,DG1+DG3+DG4
case2_seed_profile,33,-0.25,-0.005319148936170213,16.93563092965833,16.68563092965833,385.433050236777,385.433050236777,0.0,True,69919.72468683976,69908.2442434408,-11.480443398962962,11.480443398962962,1,1,3,2,DG2+DG3+DG4,DG2+DG4
case2_seed_profile,34,0.25,0.005319148936170213,16.971500018524907,17.221500018524907,385.433050236777,385.433050236777,0.0,True,69919.72468683976,69918.48844456024,-1.2362422795267776,1.2362422795267776,0,0,3,3,DG2+DG3+DG4,DG2+DG3+DG4
case2_seed_profile,34,-0.25,-0.005319148936170213,16.971500018524907,16.721500018524907,385.433050236777,385.433050236777,0.0,True,69919.72468683976,69908.51554756655,-11.209139273210894,11.209139273210894,1,1,3,2,DG2+DG3+DG4,DG2+DG3
case2_seed_profile,35,0.25,0.005319148936170213,16.50201175696901,16.75201175696901,385.433050236777,385.433050236777,0.0,True,69919.72468683976,69920.33764444919,0.612957609424484,0.612957609424484,0,48,2,2,DG2+DG3,DG1+DG3
case2_seed_profile,35,-0.25,-0.005319148936170213,16.50201175696901,16.25201175696901,385.433050236777,385.433050236777,0.0,True,69919.72468683976,69919.347931287,-0.37675555275927763,0.37675555275927763,0,0,2,2,DG2+DG3,DG2+DG3
case2_seed_profile,36,0.25,0.005319148936170213,16.42302358353089,16.67302358353089,385.433050236777,385.433050236777,0.0,True,69919.72468683976,69920.33764443998,0.6129576002131216,0.6129576002131216,0,33,2,2,DG2+DG3,DG2+DG3
case2_seed_profile,36,-0.25,-0.005319148936170213,16.42302358353089,16.17302358353089,385.433050236777,385.433050236777,0.0,True,69919.72468683976,69919.62234879349,-0.10233804627205245,0.10233804627205245,0,33,2,2,DG2+DG3,DG2+DG3
case2_seed_profile,37,0.25,0.005319148936170213,16.46162649926532,16.71162649926532,385.433050236777,385.433050236777,0.0,True,69919.72468683976,69920.3376444492,0.6129576094390359,0.6129576094390359,0,48,2,2,DG2+DG3,DG1+DG3
case2_seed_profile,37,-0.25,-0.005319148936170213,16.46162649926532,16.21162649926532,385.433050236777,385.433050236777,0.0,True,69919.72468683976,69919.48823611492,-0.23645072484214325,0.23645072484214325,0,0,2,2,DG2+DG3,DG2+DG3
case2_seed_profile,38,0.25,0.005319148936170213,16.20709708891185,16.45709708891185,385.433050236777,385.433050236777,0.0,True,69919.72468683976,69919.92692214357,0.20223530380462762,0.20223530380462762,0,0,2,2,DG2+DG3,DG2+DG3
case2_seed_profile,38,-0.25,-0.005319148936170213,16.20709708891185,15.957097088911851,385.433050236777,385.433050236777,0.0,True,69919.72468683976,69919.99874873899,0.2740618992247619,0.2740618992247619,0,48,2,2,DG2+DG3,DG1+DG4
case2_seed_profile,39,0.25,0.005319148936170213,16.037770833203187,16.287770833203187,385.433050236777,385.433050236777,0.0,True,69919.72468683976,69919.45062498565,-0.27406185411382467,0.27406185411382467,0,48,2,2,DG2+DG3,DG1+DG4
case2_seed_profile,39,-0.25,-0.005319148936170213,16.037770833203187,15.787770833203187,385.433050236777,385.433050236777,0.0,True,69919.72468683976,69919.998748739,0.2740618992393138,0.2740618992393138,0,48,2,2,DG2+DG3,DG1+DG3
case2_seed_profile,40,0.25,0.005319148936170213,16.4493885452669,16.6993885452669,385.433050236777,385.433050236777,0.0,True,69919.72468683976,69920.3376444492,0.6129576094390359,0.6129576094390359,0,48,2,2,DG2+DG3,DG1+DG4
case2_seed_profile,40,-0.25,-0.005319148936170213,16.4493885452669,16.1993885452669,385.433050236777,385.433050236777,0.0,True,69919.72468683976,69919.53075271942,-0.1939341203396907,0.1939341203396907,0,48,2,2,DG2+DG3,DG1+DG4
case2_seed_profile,41,0.25,0.005319148936170213,16.478561662297302,16.728561662297302,385.433050236777,385.433050236777,0.0,True,69919.72468683976,69921.01878794347,1.2941011037037242,1.2941011037037242,0,0,2,2,DG2+DG3,DG2+DG3
case2_seed_profile,41,-0.25,-0.005319148936170213,16.478561662297302,16.228561662297302,385.433050236777,385.433050236777,0.0,True,69919.72468683976,69919.42940065698,-0.2952861827798188,0.2952861827798188,0,48,2,2,DG2+DG3,DG1+DG3
case2_seed_profile,42,0.25,0.005319148936170213,16.444109995506835,16.694109995506835,385.433050236777,385.433050236777,0.0,True,69919.72468683976,69920.33764443998,0.6129576002131216,0.6129576002131216,0,33,2,2,DG2+DG3,DG2+DG3
case2_seed_profile,42,-0.25,-0.005319148936170213,16.444109995506835,16.194109995506835,385.433050236777,385.433050236777,0.0,True,69919.72468683976,69919.54909124355,-0.17559559621440712,0.17559559621440712,0,46,2,2,DG2+DG3,DG2+DG4
case2_seed_profile,43,0.25,0.005319148936170213,16.589225221835395,16.839225221835395,385.433050236777,385.433050236777,0.0,True,69919.72468683976,69920.33764443998,0.6129576002131216,0.6129576002131216,0,48,2,2,DG2+DG3,DG1+DG4
case2_seed_profile,43,-0.25,-0.005319148936170213,16.589225221835395,16.339225221835395,385.433050236777,385.433050236777,0.0,True,69919.72468683976,69921.65782639057,1.9331395508052083,1.9331395508052083,0,48,2,2,DG2+DG3,DG1+DG4
case2_seed_profile,44,0.25,0.005319148936170213,16.415669077201635,16.665669077201635,385.433050236777,385.433050236777,0.0,True,69919.72468683976,69920.33764443996,0.6129576001985697,0.6129576001985697,0,48,2,2,DG2+DG3,DG1+DG3
case2_seed_profile,44,-0.25,-0.005319148936170213,16.415669077201635,16.165669077201635,385.433050236777,385.433050236777,0.0,True,69919.72468683976,69919.64789953087,-0.07678730889165308,0.07678730889165308,0,48,2,2,DG2+DG3,DG1+DG3
case2_seed_profile,45,0.25,0.005319148936170213,16.414147305975014,16.664147305975014,385.433050236777,385.433050236777,0.0,True,69919.72468683976,69920.3376444492,0.6129576094390359,0.6129576094390359,0,48,2,2,DG2+DG3,DG1+DG4
case2_seed_profile,45,-0.25,-0.005319148936170213,16.414147305975014,16.164147305975014,385.433050236777,385.433050236777,0.0,True,69919.72468683976,69919.6531864068,-0.07150043296860531,0.07150043296860531,0,13,2,2,DG2+DG3,DG2+DG4
case2_seed_profile,46,0.25,0.005319148936170213,16.380432877327983,16.630432877327983,385.433050236777,385.433050236777,0.0,True,69919.72468683976,69920.33764443998,0.6129576002131216,0.6129576002131216,0,46,2,2,DG2+DG3,DG2+DG4
case2_seed_profile,46,-0.25,-0.005319148936170213,16.380432877327983,16.130432877327983,385.433050236777,385.433050236777,0.0,True,69919.72468683976,69919.77031570133,0.04562886156782042,0.04562886156782042,0,46,2,2,DG2+DG3,DG2+DG4
case2_seed_profile,47,0.25,0.005319148936170213,15.114186871495455,15.364186871495455,385.433050236777,385.433050236777,0.0,True,69919.72468683976,69922.3963478937,2.6716610539297108,2.6716610539297108,0,46,2,2,DG2+DG3,DG2+DG4
case2_seed_profile,47,-0.25,-0.005319148936170213,15.114186871495455,14.864186871495455,385.433050236777,385.433050236777,0.0,True,69919.72468683976,69919.998748739,0.2740618992393138,0.2740618992393138,0,33,2,2,DG2+DG3,DG2+DG3
case3_seed_profile_scaled_to_case2_energy,0,0.25,0.005319148936170213,15.661033412929786,15.911033412929786,385.433050236777,385.433050236777,0.0,True,69946.25222698401,69946.6547013736,0.402474389586132,0.402474389586132,0,0,2,2,DG1+DG2,DG1+DG2
case3_seed_profile_scaled_to_case2_energy,0,-0.25,-0.005319148936170213,15.661033412929786,15.411033412929786,385.433050236777,385.433050236777,0.0,True,69946.25222698401,69945.88306438563,-0.3691625983774429,0.3691625983774429,0,0,2,2,DG1+DG2,DG1+DG2
case3_seed_profile_scaled_to_case2_energy,1,0.25,0.005319148936170213,17.636493243825182,17.886493243825182,385.433050236777,385.433050236777,0.0,True,69946.25222698401,69946.65470137361,0.40247438960068393,0.40247438960068393,0,0,2,2,DG1+DG2,DG1+DG2
case3_seed_profile_scaled_to_case2_energy,1,-0.25,-0.005319148936170213,17.636493243825182,17.386493243825182,385.433050236777,385.433050236777,0.0,True,69946.25222698401,69945.88306438565,-0.369162598362891,0.369162598362891,0,0,2,2,DG1+DG2,DG1+DG2
case3_seed_profile_scaled_to_case2_energy,2,0.25,0.005319148936170213,16.45138456731762,16.70138456731762,385.433050236777,385.433050236777,0.0,True,69946.25222698401,69946.6547013736,0.402474389586132,0.402474389586132,0,0,2,2,DG1+DG2,DG1+DG2
case3_seed_profile_scaled_to_case2_energy,2,-0.25,-0.005319148936170213,16.45138456731762,16.20138456731762,385.433050236777,385.433050236777,0.0,True,69946.25222698401,69945.88306438563,-0.3691625983774429,0.3691625983774429,0,0,2,2,DG1+DG2,DG1+DG2
case3_seed_profile_scaled_to_case2_energy,3,0.25,0.005319148936170213,15.631669688931561,15.881669688931561,385.433050236777,385.433050236777,0.0,True,69946.25222698401,69946.6547013736,0.402474389586132,0.402474389586132,0,0,2,2,DG1+DG2,DG1+DG2
case3_seed_profile_scaled_to_case2_energy,3,-0.25,-0.005319148936170213,15.631669688931561,15.381669688931561,385.433050236777,385.433050236777,0.0,True,69946.25222698401,69945.88306438563,-0.3691625983774429,0.3691625983774429,0,0,2,2,DG1+DG2,DG1+DG2
case3_seed_profile_scaled_to_case2_energy,4,0.25,0.005319148936170213,15.661823658768213,15.911823658768213,385.433050236777,385.433050236777,0.0,True,69946.25222698401,69946.65470138249,0.4024743984773522,0.4024743984773522,0,0,2,2,DG1+DG2,DG1+DG2
case3_seed_profile_scaled_to_case2_energy,4,-0.25,-0.005319148936170213,15.661823658768213,15.411823658768213,385.433050236777,385.433050236777,0.0,True,69946.25222698401,69945.88306439453,-0.3691625894862227,0.3691625894862227,0,0,2,2,DG1+DG2,DG1+DG2
case3_seed_profile_scaled_to_case2_energy,5,0.25,0.005319148936170213,16.558250740755703,16.808250740755703,385.433050236777,385.433050236777,0.0,True,69946.25222698401,69946.65470138247,0.4024743984628003,0.4024743984628003,0,0,2,2,DG1+DG2,DG1+DG2
case3_seed_profile_scaled_to_case2_energy,5,-0.25,-0.005319148936170213,16.558250740755703,16.308250740755703,385.433050236777,385.433050236777,0.0,True,69946.25222698401,69945.88306439451,-0.36916258950077463,0.36916258950077463,0,0,2,2,DG1+DG2,DG1+DG2
case3_seed_profile_scaled_to_case2_energy,6,0.25,0.005319148936170213,15.863438181015237,16.113438181015237,385.433050236777,385.433050236777,0.0,True,69946.25222698401,69946.6547013736,0.402474389586132,0.402474389586132,0,0,2,2,DG1+DG2,DG1+DG2
case3_seed_profile_scaled_to_case2_energy,6,-0.25,-0.005319148936170213,15.863438181015237,15.613438181015237,385.433050236777,385.433050236777,0.0,True,69946.25222698401,69945.88306438565,-0.369162598362891,0.369162598362891,0,0,2,2,DG1+DG2,DG1+DG2
case3_seed_profile_scaled_to_case2_energy,7,0.25,0.005319148936170213,16.243724588008824,16.493724588008824,385.433050236777,385.433050236777,0.0,True,69946.25222698401,69946.65470137361,0.40247438960068393,0.40247438960068393,0,0,2,2,DG1+DG2,DG1+DG2
case3_seed_profile_scaled_to_case2_energy,7,-0.25,-0.005319148936170213,16.243724588008824,15.993724588008824,385.433050236777,385.433050236777,0.0,True,69946.25222698401,69945.88306439451,-0.36916258950077463,0.36916258950077463,0,0,2,2,DG1+DG2,DG1+DG2
case3_seed_profile_scaled_to_case2_energy,8,0.25,0.005319148936170213,18.327900173046643,18.577900173046643,385.433050236777,385.433050236777,0.0,True,69946.25222698401,69947.41172133623,1.1594943522213725,1.1594943522213725,0,0,2,2,DG1+DG2,DG1+DG2
case3_seed_profile_scaled_to_case2_energy,8,-0.25,-0.005319148936170213,18.327900173046643,18.077900173046643,385.433050236777,385.433050236777,0.0,True,69946.25222698401,69945.88306438563,-0.3691625983774429,0.3691625983774429,0,0,2,2,DG1+DG2,DG1+DG2
case3_seed_profile_scaled_to_case2_energy,9,0.25,0.005319148936170213,17.349981987441534,17.599981987441534,385.433050236777,385.433050236777,0.0,True,69946.25222698401,69946.6547013736,0.402474389586132,0.402474389586132,0,0,2,2,DG1+DG2,DG1+DG2
case3_seed_profile_scaled_to_case2_energy,9,-0.25,-0.005319148936170213,17.349981987441534,17.099981987441534,385.433050236777,385.433050236777,0.0,True,69946.25222698401,69945.88306438565,-0.369162598362891,0.369162598362891,0,0,2,2,DG1+DG2,DG1+DG2
case3_seed_profile_scaled_to_case2_energy,10,0.25,0.005319148936170213,16.829868408814292,17.079868408814292,385.433050236777,385.433050236777,0.0,True,69946.25222698401,69946.65470137361,0.40247438960068393,0.40247438960068393,0,0,2,2,DG1+DG2,DG1+DG2
case3_seed_profile_scaled_to_case2_energy,10,-0.25,-0.005319148936170213,16.829868408814292,16.579868408814292,385.433050236777,385.433050236777,0.0,True,69946.25222698401,69945.88306438563,-0.3691625983774429,0.3691625983774429,0,0,2,2,DG1+DG2,DG1+DG2
case3_seed_profile_scaled_to_case2_energy,11,0.25,0.005319148936170213,18.14849413507191,18.39849413507191,385.433050236777,385.433050236777,0.0,True,69946.25222698401,69946.7884361488,0.5362091647839407,0.5362091647839407,0,0,2,2,DG1+DG2,DG1+DG2
case3_seed_profile_scaled_to_case2_energy,11,-0.25,-0.005319148936170213,18.14849413507191,17.89849413507191,385.433050236777,385.433050236777,0.0,True,69946.25222698401,69945.88306439451,-0.36916258950077463,0.36916258950077463,0,0,2,2,DG1+DG2,DG1+DG2
case3_seed_profile_scaled_to_case2_energy,12,0.25,0.005319148936170213,17.491193415528276,17.741193415528276,385.433050236777,385.433050236777,0.0,True,69946.25222698401,69946.6547013736,0.402474389586132,0.402474389586132,0,0,2,2,DG1+DG2,DG1+DG2
case3_seed_profile_scaled_to_case2_energy,12,-0.25,-0.005319148936170213,17.491193415528276,17.241193415528276,385.433050236777,385.433050236777,0.0,True,69946.25222698401,69945.88306438563,-0.3691625983774429,0.3691625983774429,0,0,2,2,DG1+DG2,DG1+DG2
case3_seed_profile_scaled_to_case2_energy,13,0.25,0.005319148936170213,17.99999303735548,18.24999303735548,385.433050236777,385.433050236777,0.0,True,69946.25222698401,69946.65470138247,0.4024743984628003,0.4024743984628003,0,0,2,2,DG1+DG2,DG1+DG2
case3_seed_profile_scaled_to_case2_energy,13,-0.25,-0.005319148936170213,17.99999303735548,17.74999303735548,385.433050236777,385.433050236777,0.0,True,69946.25222698401,69945.88306439453,-0.3691625894862227,0.3691625894862227,0,0,2,2,DG1+DG2,DG1+DG2
case3_seed_profile_scaled_to_case2_energy,14,0.25,0.005319148936170213,17.581757549678464,17.831757549678464,385.433050236777,385.433050236777,0.0,True,69946.25222698401,69946.65470138249,0.4024743984773522,0.4024743984773522,0,0,2,2,DG1+DG2,DG1+DG2
case3_seed_profile_scaled_to_case2_energy,14,-0.25,-0.005319148936170213,17.581757549678464,17.331757549678464,385.433050236777,385.433050236777,0.0,True,69946.25222698401,69945.88306439453,-0.3691625894862227,0.3691625894862227,0,0,2,2,DG1+DG2,DG1+DG2
case3_seed_profile_scaled_to_case2_energy,15,0.25,0.005319148936170213,16.71598546105033,16.96598546105033,385.433050236777,385.433050236777,0.0,True,69946.25222698401,69946.65470138249,0.4024743984773522,0.4024743984773522,0,0,2,2,DG1+DG2,DG1+DG2
case3_seed_profile_scaled_to_case2_energy,15,-0.25,-0.005319148936170213,16.71598546105033,16.46598546105033,385.433050236777,385.433050236777,0.0,True,69946.25222698401,69945.88306439453,-0.3691625894862227,0.3691625894862227,0,0,2,2,DG1+DG2,DG1+DG2
case3_seed_profile_scaled_to_case2_energy,16,0.25,0.005319148936170213,17.15886002839233,17.40886002839233,385.433050236777,385.433050236777,0.0,True,69946.25222698401,69946.6547013736,0.402474389586132,0.402474389586132,0,0,2,2,DG1+DG2,DG1+DG2
case3_seed_profile_scaled_to_case2_energy,16,-0.25,-0.005319148936170213,17.15886002839233,16.90886002839233,385.433050236777,385.433050236777,0.0,True,69946.25222698401,69945.88306439451,-0.36916258950077463,0.36916258950077463,0,0,2,2,DG1+DG2,DG1+DG2
case3_seed_profile_scaled_to_case2_energy,17,0.25,0.005319148936170213,17.488677413418543,17.738677413418543,385.433050236777,385.433050236777,0.0,True,69946.25222698401,69946.65470137361,0.40247438960068393,0.40247438960068393,0,0,2,2,DG1+DG2,DG1+DG2
case3_seed_profile_scaled_to_case2_energy,17,-0.25,-0.005319148936170213,17.488677413418543,17.238677413418543,385.433050236777,385.433050236777,0.0,True,69946.25222698401,69945.88306438565,-0.369162598362891,0.369162598362891,0,0,2,2,DG1+DG2,DG1+DG2
case3_seed_profile_scaled_to_case2_energy,18,0.25,0.005319148936170213,16.620630299402126,16.870630299402126,385.433050236777,385.433050236777,0.0,True,69946.25222698401,69946.65470137361,0.40247438960068393,0.40247438960068393,0,0,2,2,DG1+DG2,DG1+DG2
case3_seed_profile_scaled_to_case2_energy,18,-0.25,-0.005319148936170213,16.620630299402126,16.370630299402126,385.433050236777,385.433050236777,0.0,True,69946.25222698401,69945.88306439451,-0.36916258950077463,0.36916258950077463,0,0,2,2,DG1+DG2,DG1+DG2
case3_seed_profile_scaled_to_case2_energy,19,0.25,0.005319148936170213,18.82379454380919,19.07379454380919,385.433050236777,385.433050236777,0.0,True,69946.25222698401,69947.54172082795,1.2894938439421821,1.2894938439421821,0,0,2,2,DG1+DG2,DG1+DG2
case3_seed_profile_scaled_to_case2_energy,19,-0.25,-0.005319148936170213,18.82379454380919,18.57379454380919,385.433050236777,385.433050236777,0.0,True,69946.25222698401,69944.99604494017,-1.2561820438422728,1.2561820438422728,0,0,2,2,DG1+DG2,DG1+DG2
case3_seed_profile_scaled_to_case2_energy,20,0.25,0.005319148936170213,16.91912204958026,17.16912204958026,385.433050236777,385.433050236777,0.0,True,69946.25222698401,69946.65470138247,0.4024743984628003,0.4024743984628003,0,0,2,2,DG1+DG2,DG1+DG2
case3_seed_profile_scaled_to_case2_energy,20,-0.25,-0.005319148936170213,16.91912204958026,16.66912204958026,385.433050236777,385.433050236777,0.0,True,69946.25222698401,69945.88306439453,-0.3691625894862227,0.3691625894862227,0,0,2,2,DG1+DG2,DG1+DG2
case3_seed_profile_scaled_to_case2_energy,21,0.25,0.005319148936170213,17.326831419069904,17.576831419069904,385.433050236777,385.433050236777,0.0,True,69946.25222698401,69946.65470138249,0.4024743984773522,0.4024743984773522,0,0,2,2,DG1+DG2,DG1+DG2
case3_seed_profile_scaled_to_case2_energy,21,-0.25,-0.005319148936170213,17.326831419069904,17.076831419069904,385.433050236777,385.433050236777,0.0,True,69946.25222698401,69945.88306439451,-0.36916258950077463,0.36916258950077463,0,0,2,2,DG1+DG2,DG1+DG2
case3_seed_profile_scaled_to_case2_energy,22,0.25,0.005319148936170213,15.6854804713227,15.9354804713227,385.433050236777,385.433050236777,0.0,True,69946.25222698401,69946.65470137361,0.40247438960068393,0.40247438960068393,0,0,2,2,DG1+DG2,DG1+DG2
case3_seed_profile_scaled_to_case2_energy,22,-0.25,-0.005319148936170213,15.6854804713227,15.4354804713227,385.433050236777,385.433050236777,0.0,True,69946.25222698401,69945.88306438565,-0.369162598362891,0.369162598362891,0,0,2,2,DG1+DG2,DG1+DG2
case3_seed_profile_scaled_to_case2_energy,23,0.25,0.005319148936170213,15.082196946834811,15.332196946834811,385.433050236777,385.433050236777,0.0,True,69946.25222698401,69946.49219363011,0.2399666460987646,0.2399666460987646,0,0,2,2,DG1+DG2,DG1+DG2
case3_seed_profile_scaled_to_case2_energy,23,-0.25,-0.005319148936170213,15.082196946834811,14.832196946834811,385.433050236777,385.433050236777,0.0,True,69946.25222698401,69946.84524481141,0.5930178273993079,0.5930178273993079,0,0,2,2,DG1+DG2,DG1+DG2
case3_seed_profile_scaled_to_case2_energy,24,0.25,0.005319148936170213,14.643073717672927,14.893073717672927,385.433050236777,385.433050236777,0.0,True,69946.25222698401,69945.69252095673,-0.5597060272848466,0.5597060272848466,0,0,2,2,DG1+DG2,DG1+DG2
case3_seed_profile_scaled_to_case2_energy,24,-0.25,-0.005319148936170213,14.643073717672927,14.393073717672927,385.433050236777,385.433050236777,0.0,True,69946.25222698401,69946.84524481991,0.5930178358976264,0.5930178358976264,0,0,2,2,DG1+DG2,DG1+DG2
case3_seed_profile_scaled_to_case2_energy,25,0.25,0.005319148936170213,14.810995769911944,15.060995769911944,385.433050236777,385.433050236777,0.0,True,69946.25222698401,69945.69252094821,-0.559706035797717,0.559706035797717,0,0,2,2,DG1+DG2,DG1+DG2
case3_seed_profile_scaled_to_case2_energy,25,-0.25,-0.005319148936170213,14.810995769911944,14.560995769911944,385.433050236777,385.433050236777,0.0,True,69946.25222698401,69946.84524481992,0.5930178359121783,0.5930178359121783,0,0,2,2,DG1+DG2,DG1+DG2
case3_seed_profile_scaled_to_case2_energy,26,0.25,0.005319148936170213,15.015540699193265,15.265540699193265,385.433050236777,385.433050236777,0.0,True,69946.25222698401,69946.24099689476,-0.01123008925060276,0.01123008925060276,0,0,2,2,DG1+DG2,DG1+DG2
case3_seed_profile_scaled_to_case2_energy,26,-0.25,-0.005319148936170213,15.015540699193265,14.765540699193265,385.433050236777,385.433050236777,0.0,True,69946.25222698401,69946.84524481992,0.5930178359121783,0.5930178359121783,0,0,2,2,DG1+DG2,DG1+DG2
case3_seed_profile_scaled_to_case2_energy,27,0.25,0.005319148936170213,14.788204964600167,15.038204964600167,385.433050236777,385.433050236777,0.0,True,69946.25222698401,69945.69252094821,-0.559706035797717,0.559706035797717,0,0,2,2,DG1+DG2,DG1+DG2
case3_seed_profile_scaled_to_case2_energy,27,-0.25,-0.005319148936170213,14.788204964600167,14.538204964600167,385.433050236777,385.433050236777,0.0,True,69946.25222698401,69946.84524481992,0.5930178359121783,0.5930178359121783,0,0,2,2,DG1+DG2,DG1+DG2
case3_seed_profile_scaled_to_case2_energy,28,0.25,0.005319148936170213,14.747925089905241,14.997925089905241,385.433050236777,385.433050236777,0.0,True,69946.25222698401,69945.69252094821,-0.559706035797717,0.559706035797717,0,0,2,2,DG1+DG2,DG1+DG2
case3_seed_profile_scaled_to_case2_energy,28,-0.25,-0.005319148936170213,14.747925089905241,14.497925089905241,385.433050236777,385.433050236777,0.0,True,69946.25222698401,69946.84524481991,0.5930178358976264,0.5930178358976264,0,0,2,2,DG1+DG2,DG1+DG2
case3_seed_profile_scaled_to_case2_energy,29,0.25,0.005319148936170213,14.799229581671744,15.049229581671744,385.433050236777,385.433050236777,0.0,True,69946.25222698401,69945.69252095671,-0.5597060272993986,0.5597060272993986,0,0,2,2,DG1+DG2,DG1+DG2
case3_seed_profile_scaled_to_case2_energy,29,-0.25,-0.005319148936170213,14.799229581671744,14.549229581671744,385.433050236777,385.433050236777,0.0,True,69946.25222698401,69946.84524481992,0.5930178359121783,0.5930178359121783,0,0,2,2,DG1+DG2,DG1+DG2
case3_seed_profile_scaled_to_case2_energy,30,0.25,0.005319148936170213,14.947819845580774,15.197819845580774,385.433050236777,385.433050236777,0.0,True,69946.25222698401,69945.98578815765,-0.2664388263656292,0.2664388263656292,0,0,2,2,DG1+DG2,DG1+DG2
case3_seed_profile_scaled_to_case2_energy,30,-0.25,-0.005319148936170213,14.947819845580774,14.697819845580774,385.433050236777,385.433050236777,0.0,True,69946.25222698401,69946.84524481992,0.5930178359121783,0.5930178359121783,0,0,2,2,DG1+DG2,DG1+DG2
case3_seed_profile_scaled_to_case2_energy,31,0.25,0.005319148936170213,14.935406381420647,15.185406381420647,385.433050236777,385.433050236777,0.0,True,69946.25222698401,69945.93900751277,-0.31321947123797145,0.31321947123797145,0,0,2,2,DG1+DG2,DG1+DG2
case3_seed_profile_scaled_to_case2_energy,31,-0.25,-0.005319148936170213,14.935406381420647,14.685406381420647,385.433050236777,385.433050236777,0.0,True,69946.25222698401,69946.84524481143,0.5930178274138598,0.5930178274138598,0,0,2,2,DG1+DG2,DG1+DG2
case3_seed_profile_scaled_to_case2_energy,32,0.25,0.005319148936170213,15.006185406292614,15.256185406292614,385.433050236777,385.433050236777,0.0,True,69946.25222698401,69946.20574109927,-0.04648588474083226,0.04648588474083226,0,0,2,2,DG1+DG2,DG1+DG2
case3_seed_profile_scaled_to_case2_energy,32,-0.25,-0.005319148936170213,15.006185406292614,14.756185406292614,385.433050236777,385.433050236777,0.0,True,69946.25222698401,69946.84524481992,0.5930178359121783,0.5930178359121783,0,0,2,2,DG1+DG2,DG1+DG2
case3_seed_profile_scaled_to_case2_energy,33,0.25,0.005319148936170213,17.012709097628868,17.262709097628868,385.433050236777,385.433050236777,0.0,True,69946.25222698401,69946.65470137361,0.40247438960068393,0.40247438960068393,0,0,2,2,DG1+DG2,DG1+DG2
case3_seed_profile_scaled_to_case2_energy,33,-0.25,-0.005319148936170213,17.012709097628868,16.762709097628868,385.433050236777,385.433050236777,0.0,True,69946.25222698401,69945.88306438565,-0.369162598362891,0.369162598362891,0,0,2,2,DG1+DG2,DG1+DG2
case3_seed_profile_scaled_to_case2_energy,34,0.25,0.005319148936170213,16.802925192880153,17.052925192880153,385.433050236777,385.433050236777,0.0,True,69946.25222698401,69946.65470138247,0.4024743984628003,0.4024743984628003,0,0,2,2,DG1+DG2,DG1+DG2
case3_seed_profile_scaled_to_case2_energy,34,-0.25,-0.005319148936170213,16.802925192880153,16.552925192880153,385.433050236777,385.433050236777,0.0,True,69946.25222698401,69945.88306439453,-0.3691625894862227,0.3691625894862227,0,0,2,2,DG1+DG2,DG1+DG2
case3_seed_profile_scaled_to_case2_energy,35,0.25,0.005319148936170213,16.63650526794785,16.88650526794785,385.433050236777,385.433050236777,0.0,True,69946.25222698401,69946.6547013736,0.402474389586132,0.402474389586132,0,0,2,2,DG1+DG2,DG1+DG2
case3_seed_profile_scaled_to_case2_energy,35,-0.25,-0.005319148936170213,16.63650526794785,16.38650526794785,385.433050236777,385.433050236777,0.0,True,69946.25222698401,69945.88306438565,-0.369162598362891,0.369162598362891,0,0,2,2,DG1+DG2,DG1+DG2
case3_seed_profile_scaled_to_case2_energy,36,0.25,0.005319148936170213,16.537862201164227,16.787862201164227,385.433050236777,385.433050236777,0.0,True,69946.25222698401,69946.65470138247,0.4024743984628003,0.4024743984628003,0,0,2,2,DG1+DG2,DG1+DG2
case3_seed_profile_scaled_to_case2_energy,36,-0.25,-0.005319148936170213,16.537862201164227,16.287862201164227,385.433050236777,385.433050236777,0.0,True,69946.25222698401,69945.88306439453,-0.3691625894862227,0.3691625894862227,0,0,2,2,DG1+DG2,DG1+DG2
case3_seed_profile_scaled_to_case2_energy,37,0.25,0.005319148936170213,14.991074872109559,15.241074872109559,385.433050236777,385.433050236777,0.0,True,69946.25222698401,69946.14879644671,-0.10343053730321117,0.10343053730321117,0,0,2,2,DG1+DG2,DG1+DG2
case3_seed_profile_scaled_to_case2_energy,37,-0.25,-0.005319148936170213,14.991074872109559,14.741074872109559,385.433050236777,385.433050236777,0.0,True,69946.25222698401,69946.84524481992,0.5930178359121783,0.5930178359121783,0,0,2,2,DG1+DG2,DG1+DG2
case3_seed_profile_scaled_to_case2_energy,38,0.25,0.005319148936170213,15.114868103552766,15.364868103552766,385.433050236777,385.433050236777,0.0,True,69946.25222698401,69946.61531619985,0.36308921583986375,0.36308921583986375,0,0,2,2,DG1+DG2,DG1+DG2
case3_seed_profile_scaled_to_case2_energy,38,-0.25,-0.005319148936170213,15.114868103552766,14.864868103552766,385.433050236777,385.433050236777,0.0,True,69946.25222698401,69946.84453915138,0.5923121673695277,0.5923121673695277,0,0,2,2,DG1+DG2,DG1+DG2
case3_seed_profile_scaled_to_case2_energy,39,0.25,0.005319148936170213,15.09965090973466,15.34965090973466,385.433050236777,385.433050236777,0.0,True,69946.25222698401,69946.55796958745,0.30574260343564674,0.30574260343564674,0,0,2,2,DG1+DG2,DG1+DG2
case3_seed_profile_scaled_to_case2_energy,39,-0.25,-0.005319148936170213,15.09965090973466,14.84965090973466,385.433050236777,385.433050236777,0.0,True,69946.25222698401,69946.84524481141,0.5930178273993079,0.5930178273993079,0,0,2,2,DG1+DG2,DG1+DG2
case3_seed_profile_scaled_to_case2_energy,40,0.25,0.005319148936170213,15.020365319538588,15.270365319538588,385.433050236777,385.433050236777,0.0,True,69946.25222698401,69946.25917866937,0.00695168535457924,0.00695168535457924,0,0,2,2,DG1+DG2,DG1+DG2
case3_seed_profile_scaled_to_case2_energy,40,-0.25,-0.005319148936170213,15.020365319538588,14.770365319538588,385.433050236777,385.433050236777,0.0,True,69946.25222698401,69946.84524481141,0.5930178273993079,0.5930178273993079,0,0,2,2,DG1+DG2,DG1+DG2
case3_seed_profile_scaled_to_case2_energy,41,0.25,0.005319148936170213,15.106368276032338,15.356368276032338,385.433050236777,385.433050236777,0.0,True,69946.25222698401,69946.58328425104,0.33105726703070104,0.33105726703070104,0,0,2,2,DG1+DG2,DG1+DG2
case3_seed_profile_scaled_to_case2_energy,41,-0.25,-0.005319148936170213,15.106368276032338,14.856368276032338,385.433050236777,385.433050236777,0.0,True,69946.25222698401,69946.84524481141,0.5930178273993079,0.5930178273993079,0,0,2,2,DG1+DG2,DG1+DG2
case3_seed_profile_scaled_to_case2_energy,42,0.25,0.005319148936170213,14.978199899506182,15.228199899506182,385.433050236777,385.433050236777,0.0,True,69946.25222698401,69946.10027659747,-0.15195038654201198,0.15195038654201198,0,0,2,2,DG1+DG2,DG1+DG2
case3_seed_profile_scaled_to_case2_energy,42,-0.25,-0.005319148936170213,14.978199899506182,14.728199899506182,385.433050236777,385.433050236777,0.0,True,69946.25222698401,69946.84524481992,0.5930178359121783,0.5930178359121783,0,0,2,2,DG1+DG2,DG1+DG2
case3_seed_profile_scaled_to_case2_energy,43,0.25,0.005319148936170213,15.063825686045591,15.313825686045591,385.433050236777,385.433050236777,0.0,True,69946.25222698401,69946.42296079894,0.17073381492809858,0.17073381492809858,0,0,2,2,DG1+DG2,DG1+DG2
case3_seed_profile_scaled_to_case2_energy,43,-0.25,-0.005319148936170213,15.063825686045591,14.813825686045591,385.433050236777,385.433050236777,0.0,True,69946.25222698401,69946.84524481141,0.5930178273993079,0.5930178273993079,0,0,2,2,DG1+DG2,DG1+DG2
case3_seed_profile_scaled_to_case2_energy,44,0.25,0.005319148936170213,15.118959570999172,15.368959570999172,385.433050236777,385.433050236777,0.0,True,69946.25222698401,69946.63073504991,0.37850806589995045,0.37850806589995045,0,0,2,2,DG1+DG2,DG1+DG2
case3_seed_profile_scaled_to_case2_energy,44,-0.25,-0.005319148936170213,15.118959570999172,14.868959570999172,385.433050236777,385.433050236777,0.0,True,69946.25222698401,69946.82912029284,0.5768933088256745,0.5768933088256745,0,0,2,2,DG1+DG2,DG1+DG2
case3_seed_profile_scaled_to_case2_energy,45,0.25,0.005319148936170213,15.11905430704618,15.36905430704618,385.433050236777,385.433050236777,0.0,True,69946.25222698401,69946.63109206631,0.3788650822971249,0.3788650822971249,0,0,2,2,DG1+DG2,DG1+DG2
case3_seed_profile_scaled_to_case2_energy,45,-0.25,-0.005319148936170213,15.11905430704618,14.86905430704618,385.433050236777,385.433050236777,0.0,True,69946.25222698401,69946.82876326755,0.5765362835372798,0.5765362835372798,0,0,2,2,DG1+DG2,DG1+DG2
case3_seed_profile_scaled_to_case2_energy,46,0.25,0.005319148936170213,14.956675482000188,15.206675482000188,385.433050236777,385.433050236777,0.0,True,69946.25222698401,69946.01916096914,-0.23306601487274747,0.23306601487274747,0,0,2,2,DG1+DG2,DG1+DG2
case3_seed_profile_scaled_to_case2_energy,46,-0.25,-0.005319148936170213,14.956675482000188,14.706675482000188,385.433050236777,385.433050236777,0.0,True,69946.25222698401,69946.84524481992,0.5930178359121783,0.5930178359121783,0,0,2,2,DG1+DG2,DG1+DG2
case3_seed_profile_scaled_to_case2_energy,47,0.25,0.005319148936170213,14.354089409749381,14.604089409749381,385.433050236777,385.433050236777,0.0,True,69946.25222698401,69945.6925209482,-0.559706035812269,0.559706035812269,0,0,2,2,DG1+DG2,DG1+DG2
case3_seed_profile_scaled_to_case2_energy,47,-0.25,-0.005319148936170213,14.354089409749381,14.104089409749381,385.433050236777,385.433050236777,0.0,True,69946.25222698401,69946.84524481143,0.5930178274138598,0.5930178274138598,0,0,2,2,DG1+DG2,DG1+DG2
