case_name,t,dt_h,P_req_MW,P_dc_MW,P_c_MW,SOC,DG1_P_MW,DG1_ON,DG1_Start,DG1_FC_kgh,DG2_P_MW,DG2_ON,DG2_Start,DG2_FC_kgh,DG3_P_MW,DG3_ON,DG3_Start,DG3_FC_kgh,DG4_P_MW,DG4_ON,DG4_Start,DG4_FC_kgh
case3_ga_integrated,0,0.5,14.880891650789609,2.6408916508000013,0.0,0.5638715643916925,0.0,0,0,0.0,0.0,0,0,0.0,6.12,1,1,1102.6922517,6.12,1,1,1102.6922517
case3_ga_integrated,1,0.5,13.481266124527169,1.2412661244999992,0.0,0.499888774468984,0.0,0,0,0.0,0.0,0,0,0.0,6.12,1,0,1102.6922517,6.12,1,0,1102.6922517
case3_ga_integrated,2,0.5,8.694753183164064,0.0,1.3852468168400005,0.565687998268884,0.0,0,0,0.0,0.0,0,0,0.0,5.04,1,0,910.9068696,5.04,1,0,910.9068696
case3_ga_integrated,3,0.5,5.646370580406325,0.0,4.43362941959,0.776285395699409,0.0,0,0,0.0,0.0,0,0,0.0,5.04,1,0,910.9068696,5.04,1,0,910.9068696
case3_ga_integrated,4,0.5,26.78,5.0,0.0,0.5185534369364091,0.0,0,0,0.0,9.18,1,1,1654.03837755,6.12,1,0,1102.6922517,6.480000000000001,1,0,1173.2505678000002
case3_ga_integrated,5,0.5,17.856160166428772,0.0,0.0,0.5185534369364091,0.0,0,0,0.0,7.5600000000000005,1,0,1366.3603044,5.04,1,0,910.9068696,5.256160166399998,1,0,949.2923882183549
case3_ga_integrated,6,0.5,14.166763272267964,0.0,3.4732367277,0.6835321815021591,0.0,0,0,0.0,7.5600000000000005,1,0,1366.3603044,5.04,1,0,910.9068696,5.04,1,0,910.9068696
case3_ga_integrated,7,0.5,14.000320496425788,0.0,0.0,0.6835321815021591,0.0,0,0,0.0,7.5600000000000005,1,0,1366.3603044,1.8,1,0,359.9708625,4.6403204964,1,0,842.9445764416378
case3_ga_integrated,8,0.5,14.219271694959511,0.0,3.420728305000001,0.8460167759896592,0.0,0,0,0.0,7.5600000000000005,1,0,1366.3603044,5.04,1,0,910.9068696,5.04,1,0,910.9068696
case3_ga_integrated,9,0.5,17.463722858006506,0.0,0.0,0.8460167759896592,0.0,0,0,0.0,7.5600000000000005,1,0,1366.3603044,5.04,1,0,910.9068696,4.863722858,1,0,880.9323557862717
case3_ga_integrated,10,0.5,17.677972511874415,0.0,0.0,0.8460167759896592,0.0,0,0,0.0,7.5600000000000005,1,0,1366.3603044,5.04,1,0,910.9068696,5.077972511899998,1,0,917.6499924741092
case3_ga_integrated,11,0.5,18.062034882133055,0.0,0.0,0.8460167759896592,0.0,0,0,0.0,7.982034882100002,1,0,1441.3048609954417,5.04,1,0,910.9068696,5.04,1,0,910.9068696
case3_ga_integrated,12,0.5,18.534705011148084,0.0,0.0,0.8460167759896592,0.0,0,0,0.0,7.5600000000000005,1,0,1366.3603044,5.04,1,0,910.9068696,5.934705011100001,1,0,1069.7877422116653
case3_ga_integrated,13,0.5,12.88482311539402,0.0,1.1364889265334914,0.9,0.0,0,0,0.0,7.5600000000000005,1,0,1366.3603044,1.8,1,0,359.9708625,4.661312041933491,1,0,846.5140203549338
case3_ga_integrated,14,0.5,13.518182718886786,0.0,0.0,0.9,0.0,0,0,0.0,7.5600000000000005,1,0,1366.3603044,1.8,1,0,359.9708625,4.1581827189,1,0,760.9609153280826
case3_ga_integrated,15,0.5,26.78,5.0,0.0,0.6422680412370001,0.0,0,0,0.0,9.18,1,0,1654.03837755,6.12,1,0,1102.6922517,6.480000000000001,1,0,1173.2505678000002
case3_ga_integrated,16,0.5,24.952528332204693,3.532528332199999,0.0,0.4601789519482602,0.0,0,0,0.0,9.18,1,0,1654.03837755,6.12,1,0,1102.6922517,6.12,1,0,1102.6922517
case3_ga_integrated,17,0.5,24.249324509084587,2.8293245090999983,0.0,0.314337482406959,0.0,0,0,0.0,9.18,1,0,1654.03837755,6.12,1,0,1102.6922517,6.12,1,0,1102.6922517
case3_ga_integrated,18,0.5,21.674756781248885,0.25475678119999934,0.0,0.30120568956159244,0.0,0,0,0.0,9.18,1,0,1654.03837755,6.12,1,0,1102.6922517,6.12,1,0,1102.6922517
case3_ga_integrated,19,0.5,19.771423409179622,0.0,0.0,0.30120568956159244,0.0,0,0,0.0,7.5600000000000005,1,0,1366.3603044,6.12,1,0,1102.6922517,6.0914234092,1,0,1097.617647639173
case3_ga_integrated,20,0.5,17.938019695323792,0.0,0.0,0.30120568956159244,0.0,0,0,0.0,7.5600000000000005,1,0,1366.3603044,5.04,1,0,910.9068696,5.338019695299999,1,0,963.828926207811
case3_ga_integrated,21,0.5,17.207512150103,0.0,2.5924878498999995,0.42434886243184244,0.0,0,0,0.0,7.5600000000000005,1,0,1366.3603044,6.12,1,0,1102.6922517,6.12,1,0,1102.6922517
case3_ga_integrated,22,0.5,17.358662019561724,0.0,1.210490195789555,0.4818471467318463,0.0,0,0,0.0,7.5600000000000005,1,0,1366.3603044,5.04,1,0,910.9068696,5.969152215389555,1,0,1075.9048442829142
case3_ga_integrated,23,0.5,18.058217588582085,0.0,3.3617824113999983,0.6415318112733462,0.0,0,0,0.0,9.18,1,0,1654.03837755,6.12,1,0,1102.6922517,6.12,1,0,1102.6922517
case3_ga_integrated,24,0.5,19.02466818831263,0.0,0.0,0.6415318112733462,0.0,0,0,0.0,7.5600000000000005,1,0,1366.3603044,6.12,1,0,1102.6922517,5.344668188300001,1,0,965.0095593285466
case3_ga_integrated,25,0.5,20.228500845976274,0.0,0.0,0.6415318112733462,0.0,0,0,0.0,7.988500845999998,1,0,1442.4530807706321,6.12,1,0,1102.6922517,6.12,1,0,1102.6922517
case3_ga_integrated,26,0.5,21.13012987607107,0.0,0.0,0.6415318112733462,0.0,0,0,0.0,9.18,1,0,1654.03837755,6.12,1,0,1102.6922517,5.8301298761,1,0,1051.2173883004298
case3_ga_integrated,27,0.5,22.304041643049327,0.8840416430000015,0.0,0.5959626544176561,0.0,0,0,0.0,9.18,1,0,1654.03837755,6.12,1,0,1102.6922517,6.12,1,0,1102.6922517
case3_ga_integrated,28,0.5,22.764633369312943,1.3446333693000003,0.0,0.5266516560000998,0.0,0,0,0.0,9.18,1,0,1654.03837755,6.12,1,0,1102.6922517,6.12,1,0,1102.6922517
case3_ga_integrated,29,0.5,22.703843092301412,1.2838430923000015,0.0,0.46047417701553445,0.0,0,0,0.0,9.18,1,0,1654.03837755,6.12,1,0,1102.6922517,6.12,1,0,1102.6922517
case3_ga_integrated,30,0.5,22.637935698358667,1.2179356983999998,0.0,0.3976939863763316,0.0,0,0,0.0,9.18,1,0,1654.03837755,6.12,1,0,1102.6922517,6.12,1,0,1102.6922517
case3_ga_integrated,31,0.5,22.331953659416197,0.9119536594,0.0,0.35068606578868206,0.0,0,0,0.0,9.18,1,0,1654.03837755,6.12,1,0,1102.6922517,6.12,1,0,1102.6922517
case3_ga_integrated,32,0.5,20.793854995000366,0.0,0.0,0.35068606578868206,0.0,0,0,0.0,8.553854994999998,1,0,1542.848137703767,6.12,1,0,1102.6922517,6.12,1,0,1102.6922517
case3_ga_integrated,33,0.5,20.081410491909025,0.0,0.0,0.35068606578868206,0.0,0,0,0.0,7.8414104919000005,1,0,1416.3329143222134,6.12,1,0,1102.6922517,6.12,1,0,1102.6922517
case3_ga_integrated,34,0.5,19.339777374916444,0.0,0.0,0.35068606578868206,0.0,0,0,0.0,7.5600000000000005,1,0,1366.3603044,6.12,1,0,1102.6922517,5.659777374899998,1,0,1020.9663516945659
case3_ga_integrated,35,0.5,19.060068715316355,0.0,0.0,0.35068606578868206,0.0,0,0,0.0,7.5600000000000005,1,0,1366.3603044,6.12,1,0,1102.6922517,5.380068715300001,1,0,971.29595154821
case3_ga_integrated,36,0.5,19.21315326995424,0.0,0.0,0.35068606578868206,0.0,0,0,0.0,7.5600000000000005,1,0,1366.3603044,6.12,1,0,1102.6922517,5.533153269999999,1,0,998.4805624896428
case3_ga_integrated,37,0.5,19.028437509719122,0.0,0.0,0.35068606578868206,0.0,0,0,0.0,7.5600000000000005,1,0,1366.3603044,6.12,1,0,1102.6922517,5.348437509700001,1,0,965.6789118701734
case3_ga_integrated,38,0.5,18.969758448011163,0.0,0.0,0.35068606578868206,0.0,0,0,0.0,7.5600000000000005,1,0,1366.3603044,6.12,1,0,1102.6922517,5.289758448,1,0,955.2587393985028
case3_ga_integrated,39,0.5,19.582904136522977,0.0,0.0,0.35068606578868206,0.0,0,0,0.0,7.5600000000000005,1,0,1366.3603044,6.12,1,0,1102.6922517,5.902904136500001,1,0,1064.1405728725215
case3_ga_integrated,40,0.5,19.75402395124808,0.0,0.0,0.35068606578868206,0.0,0,0,0.0,7.5600000000000005,1,0,1366.3603044,6.12,1,0,1102.6922517,6.0740239512,1,0,1094.527868286522
case3_ga_integrated,41,0.5,19.90282859376108,0.0,0.0,0.35068606578868206,0.0,0,0,0.0,7.662828593799998,1,0,1384.6205091710538,6.12,1,0,1102.6922517,6.12,1,0,1102.6922517
case3_ga_integrated,42,0.5,21.553282633095666,0.13328263310000033,0.0,0.3438158269690914,0.0,0,0,0.0,9.18,1,0,1654.03837755,6.12,1,0,1102.6922517,6.12,1,0,1102.6922517
case3_ga_integrated,43,0.5,22.270027043214608,0.850027043199999,0.0,0.3,0.0,0,0,0.0,9.18,1,0,1654.03837755,6.12,1,0,1102.6922517,6.12,1,0,1102.6922517
case3_ga_integrated,44,0.5,21.17730752625613,0.0,0.0,0.3,0.0,0,0,0.0,9.18,1,0,1654.03837755,6.12,1,0,1102.6922517,5.877307526300002,1,0,1059.595150958011
case3_ga_integrated,45,0.5,19.875244211978927,0.0,0.0,0.3,0.0,0,0,0.0,7.635244211999997,1,0,1379.7221006492896,6.12,1,0,1102.6922517,6.12,1,0,1102.6922517
case3_ga_integrated,46,0.5,19.22484338095182,0.0,0.0,0.3,0.0,0,0,0.0,7.5600000000000005,1,0,1366.3603044,6.12,1,0,1102.6922517,5.544843380999999,1,0,1000.5564813830933
case3_ga_integrated,47,0.5,18.243449813501172,0.0,0.0,0.3,0.0,0,0,0.0,7.5600000000000005,1,0,1366.3603044,5.04,1,0,910.9068696,5.643449813499999,1,0,1018.0669187298807
