idx,route_P_req_MW,t_star,feasible,status,total_fuel_kg,total_operating_fuel_kg,total_start_fuel_kg,objective_value,DG_count,commitment,N1_min_margin_MW,DG1_ON,DG1_P_MW,DG2_ON,DG2_P_MW,DG3_ON,DG3_P_MW,DG4_ON,DG4_P_MW
0,14.385555211027285,34,True,Optimal,69675.18993423987,69265.18993423987,410.0,69675.18993423991,2,DG1+DG4,2.514444788999999,1,8.505555211,0,0.0,0,0.0,1,5.88
1,14.401819014848025,34,True,Optimal,69676.63398971494,69266.63398971494,410.0,69676.63398971499,2,DG1+DG4,2.498180985200001,1,8.521819014799998,0,0.0,0,0.0,1,5.88
2,14.418082818668765,34,True,Optimal,69678.0780451989,69268.0780451989,410.0,69678.07804519896,2,DG2+DG4,2.4819171812999983,0,0.0,1,8.538082818700001,0,0.0,1,5.88
3,14.434346622489503,34,True,Optimal,69679.52210067399,69269.52210067399,410.0,69679.52210067403,2,DG1+DG3,2.4656533775000007,1,8.554346622499999,0,0.0,1,5.88,0,0.0
4,14.450610426310243,34,True,Optimal,69680.96615614908,69270.96615614908,410.0,69680.96615614911,2,DG1+DG3,2.4493895736999995,1,8.5706104263,0,0.0,1,5.88,0,0.0
5,14.466874230130983,34,True,Optimal,69682.41021162417,69272.41021162417,410.0,69682.4102116242,2,DG1+DG4,2.4331257698999984,1,8.586874230100001,0,0.0,0,0.0,1,5.88
6,14.483138033951724,34,True,Optimal,69683.85426710812,69273.85426710812,410.0,69683.85426710817,2,DG1+DG3,2.416861965999999,1,8.603138034,0,0.0,1,5.88,0,0.0
7,14.499401837772464,34,True,Optimal,69685.29832258321,69275.29832258321,410.0,69685.29832258326,2,DG2+DG4,2.400598162199998,0,0.0,1,8.619401837800002,0,0.0,1,5.88
8,14.515665641593202,34,True,Optimal,69686.74237805829,69276.74237805829,410.0,69686.74237805833,2,DG2+DG4,2.3843343584000003,0,0.0,1,8.6356656416,0,0.0,1,5.88
9,14.531929445413942,34,True,Optimal,69688.18643353338,69278.18643353338,410.0,69688.18643353342,2,DG1+DG4,2.368070554599999,1,8.6519294454,0,0.0,0,0.0,1,5.88
10,14.548193249234682,34,True,Optimal,69689.63048900847,69279.63048900847,410.0,69689.6304890085,2,DG1+DG3,2.351806750799998,1,8.668193249200002,0,0.0,1,5.88,0,0.0
11,14.564457053055422,34,True,Optimal,69691.07454449243,69281.07454449243,410.0,69691.07454449247,2,DG2+DG4,2.3355429468999986,0,0.0,1,8.684457053100001,0,0.0,1,5.88
12,14.580720856876162,34,True,Optimal,69692.5185999675,69282.5185999675,410.0,69692.51859996756,2,DG1+DG4,2.319279143100001,1,8.700720856899999,0,0.0,0,0.0,1,5.88
13,14.5969846606969,34,True,Optimal,69693.96265544259,69283.96265544259,410.0,69693.96265544264,2,DG1+DG4,2.3030153393,1,8.7169846607,0,0.0,0,0.0,1,5.88
14,14.61324846451764,34,True,Optimal,69695.40671091768,69285.40671091768,410.0,69695.40671091771,2,DG1+DG3,2.2867515354999988,1,8.7332484645,0,0.0,1,5.88,0,0.0
15,14.629512268338381,34,True,Optimal,69696.85076639276,69286.85076639276,410.0,69696.8507663928,2,DG1+DG3,2.270487731700001,1,8.749512268299998,0,0.0,1,5.88,0,0.0
16,14.645776072159121,34,True,Optimal,69698.46423402423,69288.46423402423,410.0,69698.46423402429,2,DG2+DG4,2.2542239277999983,0,0.0,1,8.765776072200001,0,0.0,1,5.88
17,14.662039875979861,34,True,Optimal,69699.73887735182,69289.73887735182,410.0,69699.73887735185,2,DG1+DG3,2.2379601240000007,1,8.782039875999999,0,0.0,1,5.88,0,0.0
18,14.6783036798006,34,True,Optimal,69701.1829328269,69291.1829328269,410.0,69701.18293282692,2,DG2+DG3,2.2216963201999995,0,0.0,1,8.7983036798,1,5.88,0,0.0
19,14.69456748362134,34,True,Optimal,69702.62698830198,69292.62698830198,410.0,69702.62698830201,2,DG2+DG3,2.2054325163999984,0,0.0,1,8.814567483600001,1,5.88,0,0.0
20,14.71083128744208,34,True,Optimal,69704.24045592458,69294.24045592458,410.0,69704.24045592459,2,DG1+DG3,2.189168712600001,1,8.830831287399999,0,0.0,1,5.88,0,0.0
21,14.72709509126282,34,True,Optimal,69705.51509926104,69295.51509926104,410.0,69705.51509926107,2,DG1+DG4,2.172904908699998,1,8.847095091300002,0,0.0,0,0.0,1,5.88
22,14.74335889508356,34,True,Optimal,69706.95915473612,69296.95915473612,410.0,69706.95915473615,2,DG1+DG3,2.1566411049000003,1,8.8633588951,0,0.0,1,5.88,0,0.0
23,14.759622698904298,34,True,Optimal,69709.14679415504,69299.14679415504,410.0,69709.14679415505,2,DG1+DG3,2.140377301099999,1,8.8796226989,0,0.0,1,5.88,0,0.0
24,14.775886502725038,34,True,Optimal,69709.84726568629,69299.84726568629,410.0,69709.84726568632,2,DG1+DG3,2.124113497299998,1,8.895886502700002,0,0.0,1,5.88,0,0.0
25,14.792150306545778,34,True,Optimal,69711.29132116138,69301.29132116138,410.0,69711.2913211614,2,DG1+DG3,2.1078496935000004,1,8.9121503065,0,0.0,1,5.88,0,0.0
26,14.808414110366519,34,True,Optimal,69712.73537664533,69302.73537664533,410.0,69712.73537664536,2,DG1+DG3,2.091585889600001,1,8.928414110399999,0,0.0,1,5.88,0,0.0
27,14.824677914187259,34,True,Optimal,69714.34884426792,69304.34884426792,410.0,69714.34884426795,2,DG1+DG3,2.0753220858,1,8.9446779142,0,0.0,1,5.88,0,0.0
28,14.840941718007999,34,True,Optimal,69715.6234875955,69305.6234875955,410.0,69715.62348759554,2,DG1+DG3,2.0590582819999987,1,8.960941718,0,0.0,1,5.88,0,0.0
29,14.857205521828737,34,True,Optimal,69717.23695521809,69307.23695521809,410.0,69717.23695521812,2,DG1+DG3,2.042794478200001,1,8.977205521799998,0,0.0,1,5.88,0,0.0
30,14.873469325649477,34,True,Optimal,69718.51159854567,69308.51159854567,410.0,69718.51159854571,2,DG1+DG3,2.0265306744,1,8.9934693256,0,0.0,1,5.88,0,0.0
31,14.889733129470217,34,True,Optimal,69719.95565402963,69309.95565402963,410.0,69719.95565402966,2,DG1+DG3,2.0102668705000006,1,9.009733129499999,0,0.0,1,5.88,0,0.0
32,14.905996933290957,34,True,Optimal,69721.6684975735,69311.6684975735,410.0,69721.66849757351,2,DG1+DG3,1.9940030666999995,1,9.0259969333,0,0.0,1,5.88,0,0.0
33,14.922260737111698,34,True,Optimal,69722.8437649798,69312.8437649798,410.0,69722.84376497984,2,DG1+DG3,1.9777392628999984,1,9.042260737100001,0,0.0,1,5.88,0,0.0
34,14.938524540932436,34,True,Optimal,69724.45723260239,69314.45723260239,410.0,69724.45723260242,2,DG1+DG3,1.9614754591000008,1,9.058524540899999,0,0.0,1,5.88,0,0.0
35,14.954788344753176,34,True,Optimal,69725.73187593884,69315.73187593884,410.0,69725.73187593889,2,DG1+DG3,1.9452116551999978,1,9.074788344800002,0,0.0,1,5.88,0,0.0
36,14.971052148573916,34,True,Optimal,69727.17593141393,69317.17593141393,410.0,69727.17593141396,2,DG1+DG3,1.9289478514000002,1,9.0910521486,0,0.0,1,5.88,0,0.0
37,14.987315952394656,34,True,Optimal,69729.36357083285,69319.36357083285,410.0,69729.36357083287,2,DG2+DG3,1.912684047599999,0,0.0,1,9.1073159524,1,5.88,0,0.0
38,15.003579756215396,34,True,Optimal,69730.0640423641,69320.0640423641,410.0,69730.06404236415,2,DG2+DG4,1.896420243799998,0,0.0,1,9.123579756200002,0,0.0,1,5.88
39,15.019843560036135,34,True,Optimal,69731.50809783919,69321.50809783919,410.0,69731.50809783922,2,DG1+DG3,1.8801564400000004,1,9.13984356,0,0.0,1,5.88,0,0.0
40,15.036107363856875,34,True,Optimal,69732.95215332315,69322.95215332315,410.0,69732.95215332317,2,DG2+DG3,1.863892636100001,0,0.0,1,9.156107363899999,1,5.88,0,0.0
41,15.052371167677615,34,True,Optimal,69734.39620879824,69324.39620879824,410.0,69734.39620879827,2,DG1+DG3,1.8476288322999999,1,9.1723711677,0,0.0,1,5.88,0,0.0
42,15.068634971498355,34,True,Optimal,69735.84026427333,69325.84026427333,410.0,69735.84026427336,2,DG1+DG3,1.8313650285000005,1,9.18,0,0.0,1,5.8886349715,0,0.0
43,15.084898775319095,34,True,Optimal,69737.2843197484,69327.2843197484,410.0,69737.28431974845,2,DG2+DG3,1.8151012247000011,0,0.0,1,9.18,1,5.9048987752999995,0,0.0
44,15.101162579139833,34,True,Optimal,69738.7283752235,69328.7283752235,410.0,69738.72837522355,2,DG2+DG4,1.7988374209,0,0.0,1,9.18,0,0.0,1,5.921162579100001
45,15.117426382960574,34,True,Optimal,69740.17243070745,69330.17243070745,410.0,69740.17243070749,2,DG2+DG3,1.7825736170000006,0,0.0,1,9.18,1,5.937426383,0,0.0
46,15.133690186781314,34,True,Optimal,69741.61648618254,69331.61648618254,410.0,69741.61648618258,2,DG2+DG4,1.7663098132000012,0,0.0,1,9.18,0,0.0,1,5.953690186799999
47,15.149953990602054,34,True,Optimal,69743.06054165761,69333.06054165761,410.0,69743.06054165767,2,DG2+DG4,1.7500460094,0,0.0,1,9.18,0,0.0,1,5.9699539906000005
48,15.166217794422794,34,True,Optimal,69744.50459713272,69334.50459713272,410.0,69744.50459713276,2,DG2+DG4,1.7337822056000007,0,0.0,1,9.18,0,0.0,1,5.9862177944
49,15.182481598243532,34,True,Optimal,69745.9486526078,69335.9486526078,410.0,69745.94865260784,2,DG2+DG4,1.7175184017999996,0,0.0,1,9.18,0,0.0,1,6.002481598200001
50,15.198745402064272,34,True,Optimal,69747.39270809175,69337.39270809175,410.0,69747.39270809181,2,DG1+DG4,1.7012545979000002,1,9.18,0,0.0,0,0.0,1,6.0187454021
51,15.215009205885012,34,True,Optimal,69748.83676356683,69338.83676356683,410.0,69748.83676356687,2,DG2+DG4,1.6849907941000009,0,0.0,1,9.18,0,0.0,1,6.0350092059
52,15.231273009705752,34,True,Optimal,69750.28081904192,69340.28081904192,410.0,69750.28081904197,2,DG2+DG4,1.6687269902999997,0,0.0,1,9.18,0,0.0,1,6.051273009700001
53,15.247536813526493,34,True,Optimal,69752.46845846085,69342.46845846085,410.0,69752.46845846086,2,DG2+DG3,1.6524631865000003,0,0.0,1,9.18,1,6.0675368135,0,0.0
54,15.263800617347231,34,True,Optimal,69753.16892999208,69343.16892999208,410.0,69753.16892999214,2,DG2+DG4,1.636199382700001,0,0.0,1,9.18,0,0.0,1,6.0838006173
55,15.280064421167971,34,True,Optimal,69754.61298547605,69344.61298547605,410.0,69754.61298547611,2,DG2+DG4,1.6199355787999998,0,0.0,1,9.18,0,0.0,1,6.100064421200001
56,15.296328224988711,34,True,Optimal,69756.05704095113,69346.05704095113,410.0,69756.05704095119,2,DG2+DG4,1.6036717750000005,0,0.0,1,9.18,0,0.0,1,6.116328225
57,15.312592028809451,34,True,Optimal,69757.50109642622,69347.50109642622,410.0,69757.50109642628,2,DG2+DG4,1.587407971200001,0,0.0,1,9.18,0,0.0,1,6.1325920287999995
58,15.328855832630191,34,True,Optimal,69758.94515190131,69348.94515190131,410.0,69758.94515190135,2,DG2+DG4,1.5711441674,0,0.0,1,9.18,0,0.0,1,6.148855832600001
59,15.345119636450931,34,True,Optimal,69760.38920738528,69350.38920738528,410.0,69760.38920738533,2,DG2+DG4,1.5548803635000006,0,0.0,1,9.18,0,0.0,1,6.1651196365
60,15.36138344027167,34,True,Optimal,69761.83326286035,69351.83326286035,410.0,69761.83326286041,2,DG2+DG4,1.5386165597000012,0,0.0,1,9.18,0,0.0,1,6.181383440299999
61,15.37764724409241,34,True,Optimal,69763.27731833544,69353.27731833544,410.0,69763.27731833549,2,DG2+DG4,1.5223527559,0,0.0,1,9.18,0,0.0,1,6.197647244100001
62,15.39391104791315,34,True,Optimal,69764.72137381053,69354.72137381053,410.0,69764.72137381056,2,DG2+DG4,1.5060889521000007,0,0.0,1,9.18,0,0.0,1,6.2139110479
63,15.41017485173389,34,True,Optimal,69766.70492655192,69356.70492655192,410.0,69766.70492655193,2,DG2+DG3,1.4898251482999996,0,0.0,1,9.18,1,6.230174851700001,0,0.0
64,15.42643865555463,34,True,Optimal,69767.60948476958,69357.60948476958,410.0,69767.60948476961,2,DG2+DG3,1.4735613444000002,0,0.0,1,9.18,1,6.2464386556000004,0,0.0
65,15.442702459375369,34,True,Optimal,69769.05354024465,69359.05354024465,410.0,69769.0535402447,2,DG2+DG3,1.4572975406000008,0,0.0,1,9.18,1,6.2627024594,0,0.0
66,15.458966263196109,34,True,Optimal,69770.49759571975,69360.49759571975,410.0,69770.49759571977,2,DG2+DG3,1.4410337367999997,0,0.0,1,9.18,1,6.278966263200001,0,0.0
67,15.475230067016849,34,True,Optimal,69771.94165119482,69361.94165119482,410.0,69771.94165119487,2,DG1+DG3,1.4247699330000003,1,9.18,0,0.0,1,6.295230067,0,0.0
68,15.491493870837589,34,True,Optimal,69773.38570666991,69363.38570666991,410.0,69773.38570666996,2,DG1+DG3,1.408506129200001,1,9.18,0,0.0,1,6.3114938708,0,0.0
69,15.507757674658329,34,True,Optimal,69774.82976215388,69364.82976215388,410.0,69774.82976215394,2,DG2+DG4,1.3922423252999998,0,0.0,1,9.18,0,0.0,1,6.327757674700001
70,15.524021478479067,34,True,Optimal,69776.27381762896,69366.27381762896,410.0,69776.27381762899,2,DG1+DG3,1.3759785215000004,1,9.18,0,0.0,1,6.3440214785,0,0.0
71,15.540285282299807,34,True,Optimal,69777.71787310403,69367.71787310403,410.0,69777.71787310408,2,DG2+DG3,1.359714717700001,0,0.0,1,9.18,1,6.3602852823,0,0.0
72,15.556549086120548,34,True,Optimal,69779.16192857912,69369.16192857912,410.0,69779.16192857918,2,DG2+DG4,1.3434509139,0,0.0,1,9.18,0,0.0,1,6.376549086100001
73,15.572812889941288,34,True,Optimal,69780.7753962017,69370.7753962017,410.0,69780.77539620176,2,DG1+DG4,1.3271871101000006,1,9.18,0,0.0,0,0.0,1,6.3928128899
74,15.589076693762028,34,True,Optimal,69782.05003953818,69372.05003953818,410.0,69782.05003953823,2,DG1+DG4,1.3109233062000012,1,9.18,0,0.0,0,0.0,1,6.4090766937999994
75,15.605340497582766,34,True,Optimal,69783.49409501326,69373.49409501326,410.0,69783.4940950133,2,DG2+DG4,1.2946595024,0,0.0,1,9.18,0,0.0,1,6.425340497600001
76,15.621604301403506,34,True,Optimal,69784.93815048835,69374.93815048835,410.0,69784.9381504884,2,DG1+DG3,1.2783956986000007,1,9.18,0,0.0,1,6.4416043014,0,0.0
77,15.637868105224246,34,True,Optimal,69786.38220596343,69376.38220596343,410.0,69786.38220596347,2,DG2+DG4,1.2621318947999995,0,0.0,1,9.18,0,0.0,1,6.457868105200001
78,15.654131909044986,34,True,Optimal,69787.82626143852,69377.82626143852,410.0,69787.82626143855,2,DG2+DG3,1.2458680910000002,0,0.0,1,9.18,1,6.4741319090000005,0,0.0
79,15.670395712865727,34,True,Optimal,69789.27031692247,69379.27031692247,410.0,69789.27031692253,2,DG2+DG4,1.2296042871000008,0,0.0,1,9.18,0,0.0,1,6.4903957129
80,15.686659516686465,34,True,Optimal,69790.71437239758,69380.71437239758,410.0,69790.71437239762,2,DG2+DG4,1.2133404832999997,0,0.0,1,9.18,0,0.0,1,6.506659516700001
81,15.702923320507205,34,True,Optimal,69792.15842787265,69382.15842787265,410.0,69792.15842787268,2,DG1+DG3,1.1970766795000003,1,9.18,0,0.0,1,6.5229233205,0,0.0
82,15.719187124327945,34,True,Optimal,69793.60248334773,69383.60248334773,410.0,69793.60248334776,2,DG1+DG3,1.180812875700001,1,9.18,0,0.0,1,6.5391871243,0,0.0
83,15.735450928148685,34,True,Optimal,69795.04653882282,69385.04653882282,410.0,69795.04653882285,2,DG2+DG4,1.1645490719000016,0,0.0,1,8.5954509281,0,0.0,1,7.14
84,15.751714731969425,34,True,Optimal,69796.49059430677,69386.49059430677,410.0,69796.49059430683,2,DG1+DG4,1.1482852680000004,1,9.18,0,0.0,0,0.0,1,6.571714732
85,15.767978535790164,34,True,Optimal,69797.93464978186,69387.93464978186,410.0,69797.93464978192,2,DG1+DG4,1.132021464200001,1,9.18,0,0.0,0,0.0,1,6.5879785358
86,15.784242339610904,34,True,Optimal,69799.37870525694,69389.37870525694,410.0,69799.37870525698,2,DG2+DG3,1.1157576604,0,0.0,1,8.644242339600002,1,7.14,0,0.0
87,15.800506143431644,34,True,Optimal,69800.82276073203,69390.82276073203,410.0,69800.82276073209,2,DG2+DG4,1.0994938566000005,0,0.0,1,9.18,0,0.0,1,6.6205061434
88,15.816769947252384,34,True,Optimal,69802.74837101814,69392.74837101814,410.0,69802.74837101816,2,DG1+DG3,1.0832300527000012,1,9.18,0,0.0,1,6.6367699472999995,0,0.0
89,15.833033751073124,34,True,Optimal,69804.34106482282,69394.34106482282,410.0,69804.34106482286,2,DG1+DG4,1.0669662489,1,9.18,0,0.0,0,0.0,1,6.653033751100001
90,15.849297554893862,34,True,Optimal,69805.15492716615,69395.15492716615,410.0,69805.1549271662,2,DG1+DG3,1.0507024451000007,1,9.18,0,0.0,1,6.6692975549,0,0.0
91,15.865561358714602,34,True,Optimal,69806.69835856253,69396.69835856253,410.0,69806.69835856257,2,DG1+DG3,1.0344386413000013,1,9.18,0,0.0,1,6.685561358699999,0,0.0
92,15.881825162535343,34,True,Optimal,69808.04303811633,69398.04303811633,410.0,69808.04303811639,2,DG2+DG4,1.0181748375000002,0,0.0,1,9.18,0,0.0,1,6.7018251625000005
93,15.898088966356083,34,True,Optimal,69809.48709360028,69399.48709360028,410.0,69809.48709360034,2,DG2+DG4,1.0019110336000008,0,0.0,1,9.18,0,0.0,1,6.7180889664
94,15.914352770176823,34,True,Optimal,69810.93114907538,69400.93114907538,410.0,69810.93114907542,2,DG2+DG3,0.9856472297999996,0,0.0,1,9.18,1,6.734352770200001,0,0.0
95,15.930616573997561,34,True,Optimal,69812.37520455047,69402.37520455047,410.0,69812.3752045505,2,DG1+DG3,0.9693834260000003,1,9.18,0,0.0,1,6.750616574,0,0.0
96,15.946880377818301,34,True,Optimal,69813.81926002554,69403.81926002554,410.0,69813.81926002557,2,DG1+DG3,0.9531196222000009,1,9.18,0,0.0,1,6.7668803778,0,0.0
97,15.963144181639041,34,True,Optimal,69815.26331550065,69405.26331550065,410.0,69815.26331550068,2,DG2+DG4,0.9368558184000015,0,0.0,1,8.8231441816,0,0.0,1,7.14
98,15.979407985459781,34,True,Optimal,69816.7073709846,69406.7073709846,410.0,69816.70737098464,2,DG2+DG4,0.9205920145000022,0,0.0,1,8.8394079855,0,0.0,1,7.14
99,15.995671789280522,34,True,Optimal,69818.78161959142,69408.78161959142,410.0,69818.78161959148,2,DG1+DG4,0.904328210700001,1,8.8556717893,0,0.0,0,0.0,1,7.14
100,16.01193559310126,34,True,Optimal,69819.59548193477,69409.59548193477,410.0,69819.59548193481,2,DG2+DG4,0.8880644069000034,0,0.0,1,8.871935593099998,0,0.0,1,7.14
101,16.028199396922002,34,True,Optimal,69821.03953740986,69411.03953740986,410.0,69821.03953740989,2,DG1+DG3,0.8718006031000023,1,8.8881993969,0,0.0,1,7.14,0,0.0
102,16.04446320074274,34,True,Optimal,69822.48359288494,69412.48359288494,410.0,69822.48359288496,2,DG1+DG3,0.8555367993000011,1,8.9044632007,0,0.0,1,7.14,0,0.0
103,16.06072700456348,34,True,Optimal,69823.92764836889,69413.92764836889,410.0,69823.92764836893,2,DG2+DG3,0.8392729954000018,0,0.0,1,8.9207270046,1,7.14,0,0.0
104,16.07699080838422,34,True,Optimal,69825.37170384398,69415.37170384398,410.0,69825.37170384402,2,DG2+DG3,0.8230091916000006,0,0.0,1,8.936990808400001,1,7.14,0,0.0
105,16.09325461220496,34,True,Optimal,69826.81575931907,69416.81575931907,410.0,69826.81575931911,2,DG2+DG4,0.8067453878000013,0,0.0,1,9.18,0,0.0,1,6.913254612199999
106,16.1095184160257,34,True,Optimal,69828.25981479415,69418.25981479415,410.0,69828.25981479419,2,DG1+DG3,0.7904815840000019,1,8.969518416,0,0.0,1,7.14,0,0.0
107,16.12578221984644,34,True,Optimal,69829.70387026924,69419.70387026924,410.0,69829.70387026927,2,DG1+DG3,0.7742177802000008,1,8.9857822198,0,0.0,1,7.14,0,0.0
108,16.142046023667177,34,True,Optimal,69831.14792575319,69421.14792575319,410.0,69831.14792575323,2,DG2+DG3,0.7579539763000014,0,0.0,1,9.0020460237,1,7.14,0,0.0
109,16.15830982748792,34,True,Optimal,69832.59198122828,69422.59198122828,410.0,69832.59198122832,2,DG1+DG4,0.7416901725000038,1,9.018309827499998,0,0.0,0,0.0,1,7.14
110,16.174573631308657,34,True,Optimal,69834.03603670337,69424.03603670337,410.0,69834.0360367034,2,DG2+DG3,0.7254263687000027,0,0.0,1,9.034573631299999,1,7.14,0,0.0
111,16.1908374351294,34,True,Optimal,69835.48009217845,69425.48009217845,410.0,69835.4800921785,2,DG2+DG4,0.7091625649000015,0,0.0,1,9.0508374351,0,0.0,1,7.14
112,16.207101238950138,34,True,Optimal,69836.92414766242,69426.92414766242,410.0,69836.92414766246,2,DG1+DG3,0.6928987610000021,1,9.067101239,0,0.0,1,7.14,0,0.0
113,16.223365042770876,34,True,Optimal,69838.3682031375,69428.3682031375,410.0,69838.36820313755,2,DG2+DG4,0.676634957200001,0,0.0,1,9.0833650428,0,0.0,1,7.14
114,16.239628846591618,34,True,Optimal,69839.8122586126,69429.8122586126,410.0,69839.81225861264,2,DG1+DG4,0.6603711534000034,1,9.099628846599998,0,0.0,0,0.0,1,7.14
115,16.255892650412356,34,True,Optimal,69841.42572623517,69431.42572623517,410.0,69841.4257262352,2,DG1+DG3,0.6441073496000023,1,9.1158926504,0,0.0,1,7.14,0,0.0
116,16.272156454233098,34,True,Optimal,69842.70036956275,69432.70036956275,410.0,69842.70036956281,2,DG2+DG4,0.6278435458000011,0,0.0,1,9.1321564542,0,0.0,1,7.14
117,16.288420258053836,34,True,Optimal,69844.14442504672,69434.14442504672,410.0,69844.14442504676,2,DG1+DG3,0.6115797419000017,1,9.1484202581,0,0.0,1,7.14,0,0.0
118,16.304684061874575,34,True,Optimal,69845.58848052181,69435.58848052181,410.0,69845.58848052184,2,DG1+DG3,0.5953159381000006,1,9.164684061900001,0,0.0,1,7.14,0,0.0
119,16.320947865695317,34,True,Optimal,69847.03970539795,69437.03970539795,410.0,69847.03970539798,2,DG1+DG3,0.579052134300003,1,9.18,0,0.0,1,7.14,0,0.0
120,16.337211669516055,34,True,Optimal,69848.60677590809,69438.60677590809,410.0,69848.60677590812,2,DG1+DG3,0.5627883305000019,1,9.18,0,0.0,1,7.14,0,0.0
121,16.353475473336797,34,True,Optimal,69850.17384641821,69440.17384641821,410.0,69850.17384641826,2,DG2+DG4,0.5465245267000007,0,0.0,1,9.18,0,0.0,1,7.14
122,16.369739277157535,34,True,Optimal,69851.74091693798,69441.74091693798,410.0,69851.74091693801,2,DG2+DG3,0.5302607228000014,0,0.0,1,9.18,1,7.14,0,0.0
123,16.386003080978277,34,True,Optimal,69853.41652302135,69443.41652302135,410.0,69853.4165230214,2,DG1+DG3,0.5139969190000038,1,9.246003080999998,0,0.0,1,7.14,0,0.0
124,16.402266884799015,34,True,Optimal,69855.01033775679,69445.01033775679,410.0,69855.01033775683,2,DG1+DG3,0.49773311520000263,1,9.262266884799999,0,0.0,1,7.14,0,0.0
125,16.418530688619754,34,True,Optimal,69856.44212846836,69446.44212846836,410.0,69856.4421284684,2,DG1+DG3,0.4814693114000015,1,9.18,0,0.0,1,7.14,0,0.0
126,16.434794492440496,34,True,Optimal,69858.0091989785,69448.0091989785,410.0,69858.00919897853,2,DG1+DG3,0.46520550760000035,1,9.18,0,0.0,1,7.14,0,0.0
127,16.451058296261234,34,True,Optimal,69859.57626949827,69449.57626949827,410.0,69859.57626949831,2,DG2+DG3,0.44894170370000097,0,0.0,1,9.18,1,7.14,0,0.0
128,16.467322100081972,34,True,Optimal,69861.14334000839,69451.14334000839,410.0,69861.14334000845,2,DG2+DG4,0.4326778999000034,0,0.0,1,9.18,0,0.0,1,7.14
129,16.483585903902714,34,True,Optimal,69863.45399446235,69453.45399446235,410.0,69863.4539944624,2,DG2+DG4,0.41641409610000224,0,0.0,1,9.18,0,0.0,1,7.14
130,16.499849707723452,34,True,Optimal,69864.27748102865,69454.27748102865,410.0,69864.2774810287,2,DG1+DG3,0.4001502923000011,1,9.18,0,0.0,1,7.14,0,0.0
131,16.516113511544194,34,True,Optimal,69866.63888449264,69456.63888449264,410.0,69866.63888449268,2,DG2+DG4,0.3838864885000035,0,0.0,1,9.18,0,0.0,1,7.14
132,16.532377315364933,34,True,Optimal,69867.41162205856,69457.41162205856,410.0,69867.4116220586,2,DG1+DG4,0.3676226846000006,1,9.18,0,0.0,0,0.0,1,7.14
133,16.548641119185675,34,True,Optimal,69869.77302552255,69459.77302552255,410.0,69869.77302552256,2,DG1+DG3,0.351358880800003,1,9.18,0,0.0,1,7.14,0,0.0
134,16.564904923006413,34,True,Optimal,69870.54576307882,69460.54576307882,410.0,69870.54576307884,2,DG2+DG3,0.33509507700000185,0,0.0,1,9.18,1,7.14,0,0.0
135,16.58116872682715,34,True,Optimal,69872.11283358894,69462.11283358894,410.0,69872.112833589,2,DG2+DG4,0.3188312732000007,0,0.0,1,9.18,0,0.0,1,7.14
136,16.597432530647893,34,True,Optimal,69873.67990409907,69463.67990409907,410.0,69873.67990409912,2,DG1+DG3,0.3025674694000031,1,9.18,0,0.0,1,7.14,0,0.0
137,16.61369633446863,34,True,Optimal,69875.24697461884,69465.24697461884,410.0,69875.2469746189,2,DG1+DG4,0.28630366550000375,1,9.18,0,0.0,0,0.0,1,7.14
138,16.62996013828937,34,True,Optimal,69876.81404512898,69466.81404512898,410.0,69876.81404512901,2,DG1+DG3,0.2700398617000026,1,9.18,0,0.0,1,7.14,0,0.0
139,16.64622394211011,34,True,Optimal,69878.3811156391,69468.3811156391,410.0,69878.38111563916,2,DG1+DG4,0.25377605790000146,1,9.18,0,0.0,0,0.0,1,7.14
140,16.66248774593085,34,True,Optimal,69879.94818614924,69469.94818614924,410.0,69879.94818614927,2,DG2+DG3,0.23751225410000032,0,0.0,1,9.18,1,7.14,0,0.0
141,16.678751549751592,34,True,Optimal,69881.51525666901,69471.51525666901,410.0,69881.51525666904,2,DG2+DG3,0.22124845020000095,0,0.0,1,9.18,1,7.14,0,0.0
142,16.69501535357233,34,True,Optimal,69883.08232717913,69473.08232717913,410.0,69883.08232717919,2,DG1+DG4,0.20498464640000336,1,9.18,0,0.0,0,0.0,1,7.14
143,16.711279157393072,34,True,Optimal,69884.64939768927,69474.64939768927,410.0,69884.6493976893,2,DG1+DG3,0.18872084260000221,1,9.18,0,0.0,1,7.14,0,0.0
144,16.72754296121381,34,True,Optimal,69886.2164681994,69476.2164681994,410.0,69886.21646819945,2,DG1+DG4,0.17245703880000107,1,9.18,0,0.0,0,0.0,1,7.14
145,16.74380676503455,34,True,Optimal,69887.78353870953,69477.78353870953,410.0,69887.78353870955,2,DG1+DG3,0.15619323500000348,1,9.18,0,0.0,1,7.14,0,0.0
146,16.76007056885529,34,True,Optimal,69889.35060922928,69479.35060922928,410.0,69889.35060922934,2,DG1+DG4,0.13992943110000056,1,9.18,0,0.0,0,0.0,1,7.14
147,16.77633437267603,34,True,Optimal,69890.91767973942,69480.91767973942,410.0,69890.91767973946,2,DG1+DG4,0.12366562730000297,1,9.18,0,0.0,0,0.0,1,7.14
148,16.792598176496767,34,True,Optimal,69892.48475024955,69482.48475024955,410.0,69892.48475024958,2,DG1+DG3,0.10740182350000183,1,9.18,0,0.0,1,7.14,0,0.0
149,16.80886198031751,34,True,Optimal,69894.05182075968,69484.05182075968,410.0,69894.05182075972,2,DG2+DG3,0.09113801970000068,0,0.0,1,9.18,1,7.14,0,0.0
150,16.825125784138248,34,True,Optimal,69895.6188912698,69485.6188912698,410.0,69895.61889126984,2,DG2+DG3,0.07487421590000132,0,0.0,1,9.18,1,7.14,0,0.0
151,16.84138958795899,34,True,Optimal,69897.18596178957,69487.18596178957,410.0,69897.18596178964,2,DG1+DG4,0.058610412000001944,1,9.18,0,0.0,0,0.0,1,7.14
152,16.857653391779728,34,True,Optimal,69898.7530322997,69488.7530322997,410.0,69898.75303229973,2,DG2+DG3,0.0423466082000008,0,0.0,1,9.18,1,7.14,0,0.0
153,16.87391719560047,34,True,Optimal,69900.32010280983,69490.32010280983,410.0,69900.32010280987,2,DG2+DG3,0.02608280439999966,0,0.0,1,9.18,1,7.14,0,0.0
154,16.890180999421208,34,True,Optimal,69901.88717331996,69491.88717331996,410.0,69901.88717332,2,DG2+DG3,0.00981900060000207,0,0.0,1,9.18,1,7.14,0,0.0
155,16.906444803241946,34,True,Optimal,69914.19362811162,69504.19362811162,410.0,69914.19362811165,3,DG1+DG3+DG4,5.98,1,7.5600000000000005,0,0.0,1,5.88,1,5.88
156,16.922708607062688,34,True,Optimal,69920.00745539408,69510.00745539408,410.0,69920.00745539411,3,DG2+DG3+DG4,8.377291392900002,0,0.0,1,5.1627086071,1,5.88,1,5.88
157,16.938972410883427,34,True,Optimal,69920.15955338175,69510.15955338175,410.0,69920.1595533818,3,DG1+DG3+DG4,8.3610275891,1,5.178972410900001,0,0.0,1,5.88,1,5.88
158,16.95523621470417,34,True,Optimal,69918.34192215986,69508.34192215986,410.0,69918.34192215987,3,DG1+DG3+DG4,5.980000000000243,1,7.559999999999758,0,0.0,1,5.88,1,5.88
159,16.971500018524907,34,True,Optimal,69919.72468683976,69509.72468683976,410.0,69919.7246868398,3,DG2+DG3+DG4,5.98,0,0.0,1,7.5600000000000005,1,5.88,1,5.88
