single_P_req_MW,feasible,status,total_fuel_kg,total_operating_fuel_kg,total_start_fuel_kg,objective_value,DG_count,commitment,N1_min_margin_MW,DG1_ON,DG1_P_MW,DG2_ON,DG2_P_MW,DG3_ON,DG3_P_MW,DG4_ON,DG4_P_MW
5.0,True,Optimal,1215.9655945000002,975.9655945000002,240.0,1215.9655945000004,2,DG3+DG4,8.249999999999998,0,0.0,0,0.0,1,2.8999999999999964,1,2.1000000000000036
5.25,True,Optimal,1258.476088875,1018.476088875,240.0,1258.4760888750002,2,DG3+DG4,7.999999999999999,0,0.0,0,0.0,1,3.1499999999999977,1,2.1000000000000023
5.5,True,Optimal,1300.98658325,1060.98658325,240.0,1300.98658325,2,DG3+DG4,7.749999999999998,0,0.0,0,0.0,1,3.4,1,2.1
5.75,True,Optimal,1343.497077625,1103.497077625,240.0,1343.497077625,2,DG3+DG4,7.499999999999998,0,0.0,0,0.0,1,3.65,1,2.1
6.0,True,Optimal,1386.007572,1146.007572,240.0,1386.007572,2,DG3+DG4,7.249999999999998,0,0.0,0,0.0,1,3.9,1,2.1
6.25,True,Optimal,1428.518066375,1188.518066375,240.0,1428.518066375,2,DG3+DG4,6.999999999999998,0,0.0,0,0.0,1,4.15,1,2.1
6.5,True,Optimal,1471.0285607500002,1231.0285607500002,240.0,1471.0285607500002,2,DG3+DG4,6.749999999999998,0,0.0,0,0.0,1,4.4,1,2.1
6.75,True,Optimal,1513.539055125,1273.539055125,240.0,1513.539055125,2,DG3+DG4,6.499999999999998,0,0.0,0,0.0,1,4.65,1,2.1
7.0,True,Optimal,1556.0495495,1316.0495495,240.0,1556.0495495,2,DG3+DG4,6.249999999999998,0,0.0,0,0.0,1,4.9,1,2.1
7.25,True,Optimal,1598.5600438750002,1358.5600438750002,240.0,1598.5600438750002,2,DG3+DG4,5.999999999999998,0,0.0,0,0.0,1,5.15,1,2.1
7.5,True,Optimal,1641.07053825,1401.07053825,240.0,1641.07053825,2,DG3+DG4,5.749999999999998,0,0.0,0,0.0,1,5.4,1,2.1
7.75,True,Optimal,1683.5810326250003,1443.5810326250003,240.0,1683.5810326250003,2,DG3+DG4,5.499999999999998,0,0.0,0,0.0,1,5.65,1,2.1
8.0,True,Optimal,1726.091527,1486.091527,240.0,1726.091527,2,DG3+DG4,5.249999999999999,0,0.0,0,0.0,1,5.88,1,2.12
8.25,True,Optimal,1768.602021375,1528.602021375,240.0,1768.602021375,2,DG3+DG4,4.999999999999999,0,0.0,0,0.0,1,5.88,1,2.37
8.5,True,Optimal,1811.11251575,1571.11251575,240.0,1811.11251575,2,DG3+DG4,4.749999999999999,0,0.0,0,0.0,1,5.88,1,2.62
8.75,True,Optimal,1853.623010125,1613.623010125,240.0,1853.623010125,2,DG3+DG4,4.499999999999999,0,0.0,0,0.0,1,5.88,1,2.87
9.0,True,Optimal,1896.1335045,1656.1335045,240.0,1896.1335045,2,DG3+DG4,4.249999999999999,0,0.0,0,0.0,1,3.12,1,5.88
9.25,True,Optimal,1938.643998875,1698.643998875,240.0,1938.643998875,2,DG3+DG4,3.999999999999999,0,0.0,0,0.0,1,5.88,1,3.37
9.5,True,Optimal,1981.15449325,1741.15449325,240.0,1981.15449325,2,DG3+DG4,3.749999999999999,0,0.0,0,0.0,1,5.88,1,3.62
9.75,True,Optimal,2023.664987625,1783.664987625,240.0,2023.664987625,2,DG3+DG4,3.499999999999999,0,0.0,0,0.0,1,5.88,1,3.87
10.0,True,Optimal,2066.175482,1826.175482,240.0,2066.175482,2,DG3+DG4,3.249999999999999,0,0.0,0,0.0,1,5.88,1,4.12
10.25,True,Optimal,2108.685976375,1868.685976375,240.0,2108.685976375,2,DG3+DG4,2.999999999999999,0,0.0,0,0.0,1,5.88,1,4.37
10.5,True,Optimal,2151.19647075,1911.1964707500001,240.0,2151.19647075,2,DG3+DG4,2.749999999999999,0,0.0,0,0.0,1,4.62,1,5.88
10.75,True,Optimal,2193.7069651250004,1953.7069651250001,240.0,2193.706965125,2,DG3+DG4,2.499999999999999,0,0.0,0,0.0,1,5.88,1,4.87
11.0,True,Optimal,2236.2174595,1996.2174595000001,240.0,2236.2174595,2,DG3+DG4,2.249999999999999,0,0.0,0,0.0,1,5.12,1,5.88
11.25,True,Optimal,2278.7279538750004,2038.7279538750004,240.0,2278.7279538750004,2,DG3+DG4,1.9999999999999991,0,0.0,0,0.0,1,5.37,1,5.88
11.5,True,Optimal,2321.23844825,2081.23844825,240.0,2321.23844825,2,DG3+DG4,1.7499999999999991,0,0.0,0,0.0,1,5.62,1,5.88
11.75,True,Optimal,2363.7489426250004,2123.7489426250004,240.0,2363.7489426250004,2,DG3+DG4,1.4999999999999991,0,0.0,0,0.0,1,5.87,1,5.88
12.0,True,Optimal,2408.0683362,2168.0683362,240.0,2408.0683362,2,DG3+DG4,1.2499999999999991,0,0.0,0,0.0,1,5.88,1,6.12
12.25,True,Optimal,2452.4631005749998,2212.4631005749998,240.0,2452.4631005749998,2,DG3+DG4,0.9999999999999991,0,0.0,0,0.0,1,5.88,1,6.37
12.5,True,Optimal,2496.8578649500005,2256.8578649500005,240.0,2496.8578649500005,2,DG3+DG4,0.7499999999999991,0,0.0,0,0.0,1,5.88,1,6.62
12.75,True,Optimal,2541.2526293250003,2301.2526293250003,240.0,2541.2526293250003,2,DG3+DG4,0.4999999999999991,0,0.0,0,0.0,1,5.88,1,6.87
13.0,True,Optimal,2585.6473937,2345.6473937,240.0,2585.6473937,2,DG3+DG4,0.2499999999999991,0,0.0,0,0.0,1,5.88,1,7.12
13.25,True,Optimal,2630.042158075,2390.042158075,240.0,2630.042158075,2,DG3+DG4,-8.881784197001252e-16,0,0.0,0,0.0,1,7.14,1,6.11
13.5,True,Optimal,2797.2526052499998,2457.2526052499998,340.0,2797.2526052499998,2,DG1+DG2,2.1500000000000004,1,7.5600000000000005,1,5.9399999999999995,0,0.0,0,0.0
13.75,True,Optimal,2839.763099625,2499.763099625,340.0,2839.763099625,2,DG1+DG2,1.9000000000000004,1,6.1899999999999995,1,7.5600000000000005,0,0.0,0,0.0
14.0,True,Optimal,2882.2735939999993,2542.2735939999993,340.0,2882.2735939999993,2,DG1+DG2,1.6500000000000004,1,6.4399999999999995,1,7.5600000000000005,0,0.0,0,0.0
14.25,True,Optimal,2924.7840883749996,2584.7840883749996,340.0,2924.7840883749996,2,DG1+DG2,1.4000000000000004,1,6.6899999999999995,1,7.5600000000000005,0,0.0,0,0.0
14.5,True,Optimal,2967.29458275,2627.29458275,340.0,2967.29458275,2,DG1+DG2,1.1500000000000004,1,6.9399999999999995,1,7.5600000000000005,0,0.0,0,0.0
14.75,True,Optimal,3009.805077125,2669.805077125,340.0,3009.805077125,2,DG1+DG2,0.9000000000000004,1,7.1899999999999995,1,7.5600000000000005,0,0.0,0,0.0
15.0,True,Optimal,3052.3155715,2712.3155715,340.0,3052.3155715,2,DG1+DG2,0.6500000000000004,1,7.4399999999999995,1,7.5600000000000005,0,0.0,0,0.0
15.25,True,Optimal,3095.8058862749995,2755.8058862749995,340.0,3095.8058862749995,2,DG1+DG2,0.39999999999999947,1,7.5600000000000005,1,7.6899999999999995,0,0.0,0,0.0
15.5,True,Optimal,3140.2006506499993,2800.2006506499993,340.0,3140.2006506499993,2,DG1+DG2,0.14999999999999947,1,7.5600000000000005,1,7.9399999999999995,0,0.0,0,0.0
15.75,True,Optimal,3294.7598071249995,2884.7598071249995,410.0,3294.7598071249995,3,DG2+DG3+DG4,5.899999999999999,0,0.0,1,7.560000000000002,1,5.879999999999999,1,2.3099999999999987
16.0,True,Optimal,3337.2703014999997,2927.2703014999997,410.0,3337.2703014999997,3,DG2+DG3+DG4,5.649999999999999,0,0.0,1,7.560000000000002,1,5.879999999999999,1,2.5599999999999987
16.25,True,Optimal,3379.780795875,2969.780795875,410.0,3379.780795875,3,DG1+DG3+DG4,5.4,1,7.5600000000000005,0,0.0,1,5.88,1,2.8099999999999996
16.5,True,Optimal,3422.2912902499997,3012.2912902499997,410.0,3422.2912902499997,3,DG2+DG3+DG4,5.149999999999999,0,0.0,1,7.560000000000002,1,5.879999999999999,1,3.0599999999999987
16.75,True,Optimal,3464.801784625,3054.801784625,410.0,3464.801784625,3,DG1+DG3+DG4,4.9,1,7.5600000000000005,0,0.0,1,5.88,1,3.3099999999999996
17.0,True,Optimal,3507.3122789999998,3097.3122789999998,410.0,3507.3122789999998,3,DG2+DG3+DG4,4.649999999999999,0,0.0,1,7.560000000000002,1,5.879999999999999,1,3.5599999999999987
17.25,True,Optimal,3549.822773375,3139.822773375,410.0,3549.822773375,3,DG2+DG3+DG4,4.4,0,0.0,1,7.5600000000000005,1,5.88,1,3.8099999999999996
17.5,True,Optimal,3592.3332677500002,3182.3332677500002,410.0,3592.3332677500002,3,DG2+DG3+DG4,4.15,0,0.0,1,7.5600000000000005,1,5.88,1,4.06
17.75,True,Optimal,3634.8437621249996,3224.8437621249996,410.0,3634.8437621249996,3,DG2+DG3+DG4,3.8999999999999986,0,0.0,1,7.560000000000002,1,5.879999999999999,1,4.309999999999999
18.0,True,Optimal,3677.3542565,3267.3542565,410.0,3677.3542565,3,DG2+DG3+DG4,3.6500000000000004,0,0.0,1,7.5600000000000005,1,5.88,1,4.56
18.25,True,Optimal,3719.864750875,3309.864750875,410.0,3719.864750875,3,DG2+DG3+DG4,3.3999999999999986,0,0.0,1,7.560000000000002,1,5.879999999999999,1,4.809999999999999
18.5,True,Optimal,3762.3752452500003,3352.3752452500003,410.0,3762.3752452500003,3,DG2+DG3+DG4,3.1500000000000004,0,0.0,1,7.5600000000000005,1,5.88,1,5.06
18.75,True,Optimal,3804.8857396249996,3394.8857396249996,410.0,3804.8857396249996,3,DG2+DG3+DG4,2.8999999999999986,0,0.0,1,7.560000000000002,1,5.879999999999999,1,5.309999999999999
19.0,True,Optimal,3847.3962340000003,3437.3962340000003,410.0,3847.3962340000003,3,DG2+DG3+DG4,2.6500000000000004,0,0.0,1,7.560000000000004,1,5.879999999999997,1,5.559999999999999
19.25,True,Optimal,3889.9067283750005,3479.9067283750005,410.0,3889.9067283750005,3,DG2+DG3+DG4,2.4000000000000004,0,0.0,1,7.560000000000004,1,5.879999999999997,1,5.809999999999999
19.5,True,Optimal,3933.77389715,3523.77389715,410.0,3933.77389715,3,DG1+DG3+DG4,2.1499999999999986,1,7.560000000000002,0,0.0,1,5.879999999999999,1,6.059999999999999
19.75,True,Optimal,3978.168661525,3568.168661525,410.0,3978.168661525,3,DG1+DG3+DG4,1.9000000000000004,1,7.5600000000000005,0,0.0,1,5.88,1,6.31
20.0,True,Optimal,4022.5634259,3612.5634259,410.0,4022.5634259,3,DG1+DG3+DG4,1.6500000000000004,1,7.5600000000000005,0,0.0,1,5.88,1,6.56
20.25,True,Optimal,4066.9581902749997,3656.9581902749997,410.0,4066.9581902749997,3,DG2+DG3+DG4,1.4000000000000004,0,0.0,1,7.5600000000000005,1,5.88,1,6.81
20.5,True,Optimal,4111.352954649999,3701.35295465,410.0,4111.352954649999,3,DG2+DG3+DG4,1.1500000000000004,0,0.0,1,7.5600000000000005,1,5.88,1,7.06
20.75,True,Optimal,4155.747719025,3745.747719025,410.0,4155.747719025,3,DG1+DG3+DG4,0.9000000000000004,1,7.5600000000000005,0,0.0,1,7.14,1,6.05
21.0,True,Optimal,4200.1424834,3790.1424834,410.0,4200.1424834,3,DG2+DG3+DG4,0.6500000000000004,0,0.0,1,7.560000000000004,1,7.139999999999996,1,6.3
21.25,True,Optimal,4244.537247775,3834.5372477749997,410.0,4244.537247775,3,DG2+DG3+DG4,0.39999999999999947,0,0.0,1,7.560000000000004,1,7.139999999999996,1,6.55
21.5,True,Optimal,4288.93201215,3878.93201215,410.0,4288.93201215,3,DG2+DG3+DG4,0.14999999999999947,0,0.0,1,7.5600000000000005,1,7.14,1,6.8
21.75,True,Optimal,4388.629583125,3928.629583125,460.0,4388.629583125,3,DG1+DG2+DG4,2.3000000000000007,1,7.5600000000000005,1,8.309999999999999,0,0.0,1,5.88
22.0,True,Optimal,4433.0243475,3973.0243474999997,460.0,4433.0243475,3,DG1+DG2+DG4,2.0500000000000007,1,7.5600000000000005,1,8.559999999999999,0,0.0,1,5.88
22.25,True,Optimal,4477.419111875,4017.419111875,460.0,4477.419111875,3,DG1+DG2+DG3,1.799999999999999,1,7.5600000000000005,1,8.81,1,5.879999999999999,0,0.0
22.5,True,Optimal,4521.813876249999,4061.8138762499993,460.0,4521.813876249999,3,DG1+DG2+DG3,1.549999999999999,1,7.5600000000000005,1,7.8,1,7.14,0,0.0
22.75,True,Optimal,4566.208640625,4106.208640625,460.0,4566.208640625,3,DG1+DG2+DG3,1.299999999999999,1,7.5600000000000005,1,8.05,1,7.14,0,0.0
23.0,True,Optimal,4610.603405,4150.603405,460.0,4610.603405,3,DG1+DG2+DG3,1.049999999999999,1,7.5600000000000005,1,8.3,1,7.14,0,0.0
23.25,True,Optimal,4654.998169375,4194.998169375,460.0,4654.998169375,3,DG1+DG2+DG3,0.7999999999999989,1,7.5600000000000005,1,8.55,1,7.14,0,0.0
23.5,True,Optimal,4699.392933749999,4239.392933749999,460.0,4699.392933749999,3,DG1+DG2+DG3,0.5499999999999989,1,7.5600000000000005,1,8.8,1,7.14,0,0.0
23.75,True,Optimal,4743.787698124999,4283.787698124999,460.0,4743.787698124999,3,DG1+DG2+DG3,0.3000000000000025,1,7.5600000000000005,1,9.049999999999997,1,7.14,0,0.0
24.0,True,Optimal,4788.1824625,4328.1824625,460.0,4788.1824625,3,DG1+DG2+DG4,0.04999999999999982,1,9.18,1,7.680000000000001,0,0.0,1,7.14
24.25,True,Optimal,4990.959570375,4410.959570375,580.0,4990.959570375,4,DG1+DG2+DG3+DG4,8.2,1,7.5600000000000005,1,4.929999999999999,1,5.88,1,5.88
24.5,True,Optimal,5033.47006475,4453.47006475,580.0,5033.47006475,4,DG1+DG2+DG3+DG4,7.95,1,7.5600000000000005,1,5.179999999999999,1,5.88,1,5.88
24.75,True,Optimal,5075.980559125,4495.980559125,580.0,5075.980559125,4,DG1+DG2+DG3+DG4,7.7,1,7.5600000000000005,1,5.429999999999999,1,5.88,1,5.88
25.0,True,Optimal,5118.4910535,4538.4910535,580.0,5118.4910535,4,DG1+DG2+DG3+DG4,7.45,1,7.5600000000000005,1,5.679999999999999,1,5.88,1,5.88
25.25,True,Optimal,5161.001547875,4581.001547875,580.0,5161.001547875,4,DG1+DG2+DG3+DG4,7.2,1,7.5600000000000005,1,5.929999999999999,1,5.88,1,5.88
25.5,True,Optimal,5203.5120422499995,4623.5120422499995,580.0,5203.5120422499995,4,DG1+DG2+DG3+DG4,6.950000000000001,1,7.5600000000000005,1,7.5600000000000005,1,5.88,1,4.499999999999997
25.75,True,Optimal,5246.022536625,4666.022536625,580.0,5246.022536625,4,DG1+DG2+DG3+DG4,6.700000000000001,1,7.5600000000000005,1,7.5600000000000005,1,5.88,1,4.749999999999997
26.0,True,Optimal,5288.533030999999,4708.533030999999,580.0,5288.533030999999,4,DG1+DG2+DG3+DG4,6.450000000000001,1,7.5600000000000005,1,7.5600000000000005,1,5.88,1,4.999999999999997
26.25,True,Optimal,5331.043525374999,4751.043525374999,580.0,5331.043525374999,4,DG1+DG2+DG3+DG4,6.200000000000001,1,7.5600000000000005,1,7.5600000000000005,1,5.88,1,5.249999999999997
26.5,True,Optimal,5373.5540197499995,4793.5540197499995,580.0,5373.5540197499995,4,DG1+DG2+DG3+DG4,5.950000000000001,1,7.5600000000000005,1,7.5600000000000005,1,5.88,1,5.499999999999997
26.75,True,Optimal,5416.064514124999,4836.064514124999,580.0,5416.064514124999,4,DG1+DG2+DG3+DG4,5.700000000000001,1,7.5600000000000005,1,7.5600000000000005,1,5.88,1,5.749999999999997
27.0,True,Optimal,5459.4794581,4879.4794581,580.0,5459.4794581,4,DG1+DG2+DG3+DG4,5.45,1,7.5600000000000005,1,7.679999999999999,1,5.88,1,5.88
27.25,True,Optimal,5503.874222475,4923.874222475,580.0,5503.874222475,4,DG1+DG2+DG3+DG4,5.2,1,7.5600000000000005,1,7.929999999999999,1,5.88,1,5.88
27.5,True,Optimal,5548.26898685,4968.26898685,580.0,5548.26898685,4,DG1+DG2+DG3+DG4,4.949999999999999,1,7.5600000000000005,1,8.18,1,5.88,1,5.88
27.75,True,Optimal,5592.663751225,5012.663751225,580.0,5592.663751225,4,DG1+DG2+DG3+DG4,4.699999999999999,1,7.5600000000000005,1,8.43,1,5.88,1,5.88
28.0,True,Optimal,5637.058515600001,5057.058515600001,580.0,5637.058515600001,4,DG1+DG2+DG3+DG4,4.449999999999999,1,7.5600000000000005,1,8.68,1,5.88,1,5.88
28.25,True,Optimal,5681.453279975,5101.453279975,580.0,5681.453279975,4,DG1+DG2+DG3+DG4,4.199999999999999,1,7.5600000000000005,1,8.93,1,5.88,1,5.88
28.5,True,Optimal,5725.848044349999,5145.848044349999,580.0,5725.848044349999,4,DG1+DG2+DG3+DG4,3.9499999999999993,1,9.18,1,7.560000000000001,1,5.88,1,5.88
28.75,True,Optimal,5770.242808725001,5190.242808725001,580.0,5770.242808725001,4,DG1+DG2+DG3+DG4,3.6999999999999993,1,9.18,1,7.810000000000001,1,5.88,1,5.88
29.0,True,Optimal,5814.637573100001,5234.637573100001,580.0,5814.637573100001,4,DG1+DG2+DG3+DG4,3.4499999999999993,1,9.18,1,8.060000000000002,1,5.88,1,5.88
29.25,True,Optimal,5859.0323374750005,5279.0323374750005,580.0,5859.0323374750005,4,DG1+DG2+DG3+DG4,3.1999999999999993,1,9.18,1,8.310000000000002,1,5.88,1,5.88
29.5,True,Optimal,5903.427101850001,5323.427101850001,580.0,5903.427101850001,4,DG1+DG2+DG3+DG4,2.9499999999999993,1,9.18,1,8.560000000000002,1,5.88,1,5.88
29.75,True,Optimal,5947.821866225001,5367.821866225001,580.0,5947.821866225001,4,DG1+DG2+DG3+DG4,2.6999999999999993,1,9.18,1,8.810000000000002,1,5.88,1,5.88
30.0,True,Optimal,5992.216630600001,5412.216630600001,580.0,5992.216630600001,4,DG1+DG2+DG3+DG4,2.4499999999999993,1,9.18,1,9.060000000000002,1,5.88,1,5.88
30.25,True,Optimal,6036.611394975001,5456.611394975001,580.0,6036.611394975001,4,DG1+DG2+DG3+DG4,2.1999999999999993,1,9.18,1,9.18,1,5.88,1,6.010000000000001
30.5,True,Optimal,6081.00615935,5501.00615935,580.0,6081.00615935,4,DG1+DG2+DG3+DG4,1.9499999999999993,1,9.18,1,9.18,1,5.88,1,6.260000000000001
30.75,True,Optimal,6125.400923725,5545.400923725,580.0,6125.400923725,4,DG1+DG2+DG3+DG4,1.6999999999999993,1,9.18,1,9.18,1,5.88,1,6.510000000000001
31.0,True,Optimal,6169.795688100001,5589.795688100001,580.0,6169.795688100001,4,DG1+DG2+DG3+DG4,1.4499999999999993,1,9.18,1,9.18,1,5.88,1,6.760000000000001
31.25,True,Optimal,6214.190452475001,5634.190452475001,580.0,6214.190452475001,4,DG1+DG2+DG3+DG4,1.1999999999999993,1,9.18,1,9.18,1,5.88,1,7.010000000000001
31.5,True,Optimal,6258.58521685,5678.58521685,580.0,6258.58521685,4,DG1+DG2+DG3+DG4,0.9499999999999993,1,9.18,1,9.18,1,7.14,1,6.000000000000001
31.75,True,Optimal,6302.979981225,5722.979981225,580.0,6302.979981225,4,DG1+DG2+DG3+DG4,0.6999999999999993,1,9.18,1,9.18,1,7.14,1,6.250000000000001
32.0,True,Optimal,6347.374745599999,5767.374745599999,580.0,6347.374745599999,4,DG1+DG2+DG3+DG4,0.45000000000000284,1,9.18,1,8.54,1,7.14,1,7.14
32.25,True,Optimal,6391.769509974999,5811.769509974999,580.0,6391.769509974999,4,DG1+DG2+DG3+DG4,0.20000000000000284,1,9.18,1,8.79,1,7.14,1,7.14
32.5,False,Infeasible,,,,,,INFEASIBLE,,,,,,,,,
32.75,False,Infeasible,,,,,,INFEASIBLE,,,,,,,,,
33.0,False,Infeasible,,,,,,INFEASIBLE,,,,,,,,,
33.25,False,Infeasible,,,,,,INFEASIBLE,,,,,,,,,
33.5,False,Infeasible,,,,,,INFEASIBLE,,,,,,,,,
33.75,False,Infeasible,,,,,,INFEASIBLE,,,,,,,,,
34.0,False,Infeasible,,,,,,INFEASIBLE,,,,,,,,,
34.25,False,Infeasible,,,,,,INFEASIBLE,,,,,,,,,
34.5,False,Infeasible,,,,,,INFEASIBLE,,,,,,,,,
34.75,False,Infeasible,,,,,,INFEASIBLE,,,,,,,,,
35.0,False,Infeasible,,,,,,INFEASIBLE,,,,,,,,,
35.25,False,Infeasible,,,,,,INFEASIBLE,,,,,,,,,
35.5,False,Infeasible,,,,,,INFEASIBLE,,,,,,,,,
35.75,False,Infeasible,,,,,,INFEASIBLE,,,,,,,,,
36.0,False,Infeasible,,,,,,INFEASIBLE,,,,,,,,,
36.25,False,Infeasible,,,,,,INFEASIBLE,,,,,,,,,
36.5,False,Infeasible,,,,,,INFEASIBLE,,,,,,,,,
36.75,False,Infeasible,,,,,,INFEASIBLE,,,,,,,,,
37.0,False,Infeasible,,,,,,INFEASIBLE,,,,,,,,,
37.25,False,Infeasible,,,,,,INFEASIBLE,,,,,,,,,
37.5,False,Infeasible,,,,,,INFEASIBLE,,,,,,,,,
37.75,False,Infeasible,,,,,,INFEASIBLE,,,,,,,,,
38.0,False,Infeasible,,,,,,INFEASIBLE,,,,,,,,,
38.25,False,Infeasible,,,,,,INFEASIBLE,,,,,,,,,
38.5,False,Infeasible,,,,,,INFEASIBLE,,,,,,,,,
38.75,False,Infeasible,,,,,,INFEASIBLE,,,,,,,,,
39.0,False,Infeasible,,,,,,INFEASIBLE,,,,,,,,,
39.25,False,Infeasible,,,,,,INFEASIBLE,,,,,,,,,
39.5,False,Infeasible,,,,,,INFEASIBLE,,,,,,,,,
39.75,False,Infeasible,,,,,,INFEASIBLE,,,,,,,,,
40.0,False,Infeasible,,,,,,INFEASIBLE,,,,,,,,,
