method,child_id,alpha,energy_mwh,p_req_mean_mw,p_req_std_mw,p_req_min_mw,p_req_max_mw,mean_abs_ramp_mw,feasible,status,fuel_kg,operating_fuel_kg,start_fuel_kg,dg_count_switches,commitment_signature
parent,case2_seed,1.0,385.433050236777,16.059710426532373,0.5462715658989881,14.385555211027285,16.971500018524907,0.33161342975603136,True,Optimal,69919.72468683976,69509.72468683976,410.0,2,222222222222222222222222222222222332222222222222
parent,case3_scaled,0.0,385.433050236777,16.059710426532373,1.1783646593576567,14.354089409749381,18.82379454380919,0.6055864187051888,True,Optimal,69946.25222698401,69606.25222698401,340.0,0,222222222222222222222222222222222222222222222222
arithmetic,arithmetic_000,0.0,385.433050236777,16.059710426532373,1.1783646593576567,14.354089409749381,18.82379454380919,0.6055864187051888,True,Optimal,69946.25222698401,69606.25222698401,340.0,0,222222222222222222222222222222222222222222222222
arithmetic,arithmetic_001,0.025,385.433050236777,16.059710426532373,1.1491579547741715,14.373091846293033,18.755148900529267,0.5928785063076589,True,Optimal,69943.9098425724,69603.9098425724,340.0,0,222222222222222222222222222222222222222222222222
arithmetic,arithmetic_002,0.05,385.43305023677704,16.059710426532376,1.1201219810358531,14.392094282836688,18.686503257249353,0.5801705939101286,True,Optimal,69941.9360010099,69601.9360010099,340.0,0,222222222222222222222222222222222222222222222222
arithmetic,arithmetic_003,0.07500000000000001,385.4330502367769,16.059710426532373,1.091270366389495,14.411096719380335,18.617857613969424,0.5674638092572156,True,Optimal,69940.13978333944,69600.13978333944,340.0,0,222222222222222222222222222222222222222222222222
arithmetic,arithmetic_004,0.1,385.4330502367769,16.059710426532373,1.0626181277868834,14.430099155923987,18.549211970689505,0.5547576165482742,True,Optimal,69938.75509667616,69598.75509667616,340.0,0,222222222222222222222222222222222222222222222222
arithmetic,arithmetic_005,0.125,385.433050236777,16.059710426532373,1.0341818366341566,14.449101592467642,18.48056632740959,0.5420514238393334,True,Optimal,69937.75239890203,69597.75239890203,340.0,0,222222222222222222222222222222222222222222222222
arithmetic,arithmetic_006,0.15000000000000002,385.43305023677704,16.059710426532376,1.005979805825122,14.468104029011295,18.411920684129672,0.5293452311303922,True,Optimal,69936.94681533656,69596.94681533656,340.0,0,222222222222222222222222222222222222222222222222
arithmetic,arithmetic_007,0.17500000000000002,385.43305023677704,16.059710426532376,0.9780323005980714,14.487106465554945,18.34327504084975,0.5169208464086591,True,Optimal,69936.23524213053,69596.23524213053,340.0,0,222222222222222222222222222222222222222222222222
arithmetic,arithmetic_008,0.2,385.433050236777,16.059710426532376,0.9503617758935904,14.506108902098596,18.27462939756983,0.5047368912553133,True,Optimal,69935.73383725608,69595.73383725608,340.0,0,222222222222222222222222222222222222222222222222
arithmetic,arithmetic_009,0.225,385.433050236777,16.059710426532373,0.9229931429470852,14.52511133864225,18.205983754289907,0.492617528389971,True,Optimal,69935.35193007257,69595.35193007257,340.0,0,222222222222222222222222222222222222222222222222
arithmetic,arithmetic_010,0.25,385.43305023677704,16.059710426532376,0.8959540677715099,14.544113775185902,18.137338111009992,0.48067007201011963,True,Optimal,69934.97002292346,69594.97002292346,340.0,0,222222222222222222222222222222222222222222222222
arithmetic,arithmetic_011,0.275,385.433050236777,16.059710426532373,0.8692753038977616,14.56311621172955,18.068692467730067,0.46887915300458444,True,Optimal,69934.58811573108,69594.58811573108,340.0,0,222222222222222222222222222222222222222222222222
arithmetic,arithmetic_012,0.30000000000000004,385.433050236777,16.059710426532373,0.8429910611376815,14.582118648273203,18.00004682445015,0.45708823399904913,True,Optimal,69934.2435212408,69594.2435212408,340.0,0,222222222222222222222222222222222222222222222222
arithmetic,arithmetic_013,0.325,385.433050236777,16.059710426532373,0.8171394110742539,14.601121084816857,17.931401181170227,0.44529731499351377,True,Optimal,69934.0144997232,69594.0144997232,340.0,0,222222222222222222222222222222222222222222222222
arithmetic,arithmetic_014,0.35000000000000003,385.43305023677704,16.059710426532376,0.7917627282745638,14.62012352136051,17.862755537890312,0.43387319144268643,True,Optimal,69933.78547826775,69593.78547826775,340.0,0,222222222222222222222222222222222222222222222222
arithmetic,arithmetic_015,0.375,385.433050236777,16.059710426532373,0.7669081636154594,14.63912595790416,17.794109894610386,0.422484743332679,True,Optimal,69933.6132536615,69593.6132536615,340.0,0,222222222222222222222222222222222222222222222222
arithmetic,arithmetic_016,0.4,385.433050236777,16.059710426532376,0.7426281423004043,14.658128394447811,17.725464251330468,0.41109629522267205,True,Optimal,69933.47137753178,69593.47137753178,340.0,0,222222222222222222222222222222222222222222222222
arithmetic,arithmetic_017,0.42500000000000004,385.4330502367769,16.059710426532373,0.7189808737611296,14.67713083099146,17.656818608050543,0.40122128111225686,True,Optimal,69933.3334388489,69593.3334388489,340.0,0,222222222222222222222222222222222222222222222222
arithmetic,arithmetic_018,0.45,385.433050236777,16.059710426532373,0.6960308532768821,14.696133267535116,17.588172964770628,0.39249736091074794,True,Optimal,69933.3117299313,69593.3117299313,340.0,0,222222222222222222222222222222222222222222222222
arithmetic,arithmetic_019,0.47500000000000003,385.433050236777,16.059710426532373,0.6738493254234409,14.715135704078765,17.519527321490706,0.3846086965359199,True,Optimal,69933.29002102252,69593.29002102252,340.0,0,222222222222222222222222222222222222222222222222
arithmetic,arithmetic_020,0.5,385.43305023677704,16.059710426532376,0.6525146671264679,14.73413814062242,17.450881678210788,0.3772798760800207,True,Optimal,69933.26831212228,69593.26831212228,340.0,0,222222222222222222222222222222222222222222222222
arithmetic,arithmetic_021,0.525,385.4330502367769,16.059710426532373,0.6321126331896535,14.75314057716607,17.382236034930862,0.36995105562412084,True,Optimal,69933.24660324016,69593.24660324016,340.0,0,222222222222222222222222222222222222222222222222
arithmetic,arithmetic_022,0.55,385.433050236777,16.059710426532373,0.6127363903360147,14.772143013709723,17.313590391650948,0.36270018499938045,True,Optimal,69933.2248943666,69593.2248943666,340.0,0,222222222222222222222222222222222222222222222222
arithmetic,arithmetic_023,0.5750000000000001,385.433050236777,16.059710426532373,0.5944862486444201,14.791145450253374,17.244944748371026,0.3572475301882998,True,Optimal,69933.20318544858,69593.20318544858,340.0,0,222222222222222222222222222222222222222222222222
arithmetic,arithmetic_024,0.6000000000000001,385.4330502367769,16.059710426532373,0.5774689847895536,14.810147886797024,17.1762991050911,0.35210746404434234,True,Optimal,69933.18147660201,69593.18147660201,340.0,0,222222222222222222222222222222222222222222222222
arithmetic,arithmetic_025,0.625,385.433050236777,16.059710426532373,0.5617966444735123,14.829150323340679,17.107653461811186,0.3479334097308663,True,Optimal,69933.15976766658,69593.15976766658,340.0,0,222222222222222222222222222222222222222222222222
arithmetic,arithmetic_026,0.65,385.433050236777,16.059710426532373,0.5475847184416064,14.831972581693158,17.039007818531264,0.3437593554173899,True,Optimal,69933.13805877489,69593.13805877489,340.0,0,222222222222222222222222222222222222222222222222
arithmetic,arithmetic_027,0.675,385.433050236777,16.059710426532373,0.5349496151798832,14.800085626645597,16.98716266385062,0.33958530110391355,True,Optimal,69933.11634989316,69593.11634989316,340.0,0,222222222222222222222222222222222222222222222222
arithmetic,arithmetic_028,0.7000000000000001,385.43305023677704,16.059710426532376,0.5240054107284516,14.768198671598038,16.968494858232933,0.3358920279547797,True,Optimal,69933.10232233303,69593.10232233303,340.0,0,222222222222222222222222222222222222222222222222
arithmetic,arithmetic_029,0.7250000000000001,385.4330502367769,16.059710426532373,0.5148599449807065,14.73631171655047,16.956827425850225,0.33309749558560303,True,Optimal,69933.12406050353,69593.12406050353,340.0,0,222222222222222222222222222222222222222222222222
arithmetic,arithmetic_030,0.75,385.433050236777,16.059710426532373,0.5076104492616725,14.70442476150291,16.954900471650966,0.3303029632164269,True,Optimal,69933.1457986829,69593.1457986829,340.0,0,222222222222222222222222222222222222222222222222
arithmetic,arithmetic_031,0.775,385.433050236777,16.059710426532373,0.502339015242688,14.672537806455349,16.9529735174517,0.3283069794024329,True,Optimal,69933.16753684414,69593.16753684414,340.0,0,222222222222222222222222222222222222222222222222
arithmetic,arithmetic_032,0.8,385.433050236777,16.059710426532373,0.499108321961883,14.640650851407784,16.95104656325244,0.32672663780837713,True,Optimal,69917.92644570142,69507.92644570142,410.0,2,222222222222222222222222222222222332222222222222
arithmetic,arithmetic_033,0.8250000000000001,385.433050236777,16.059710426532373,0.4979580912581654,14.608763896360221,16.949119609053174,0.3258109189316718,True,Optimal,69916.3876647755,69506.3876647755,410.0,2,222222222222222222222222222222222332222222222222
arithmetic,arithmetic_034,0.8500000000000001,385.433050236777,16.059710426532373,0.4989027129898181,14.576876941312658,16.94719265485391,0.32537005605827873,True,Optimal,69915.8837186207,69505.8837186207,410.0,2,222222222222222222222222222222222332222222222222
arithmetic,arithmetic_035,0.875,385.43305023677704,16.059710426532376,0.5019303598996405,14.544989986265099,16.950428165319316,0.32514887253231833,True,Optimal,69915.60941602931,69505.60941602931,410.0,2,222222222222222222222222222222222332222222222222
arithmetic,arithmetic_036,0.9,385.433050236777,16.059710426532373,0.5070037160915288,14.513103031217534,16.95464253596043,0.32497664807313825,True,Optimal,69915.41689679137,69505.41689679137,410.0,2,222222222222222222222222222222222332222222222222
arithmetic,arithmetic_037,0.925,385.4330502367769,16.059710426532373,0.5140622169091141,14.48121607616997,16.958856906601547,0.3257662512169234,True,Optimal,69915.76734928151,69505.76734928151,410.0,2,222222222222222222222222222222222332222222222222
arithmetic,arithmetic_038,0.9500000000000001,385.433050236777,16.059710426532373,0.5230254968523653,14.449329121122409,16.96307127724267,0.3265558543607096,True,Optimal,69916.82053270978,69506.82053270978,410.0,2,222222222222222222222222222222222332222222222222
arithmetic,arithmetic_039,0.9750000000000001,385.4330502367769,16.059710426532373,0.5337976120619776,14.417442166074846,16.967285647883784,0.32734545750449506,True,Optimal,69918.18185159727,69508.18185159727,410.0,2,222222222222222222222222222222222332222222222222
arithmetic,arithmetic_040,1.0,385.433050236777,16.059710426532373,0.5462715658989881,14.385555211027285,16.971500018524907,0.33161342975603136,True,Optimal,69919.72468683976,69509.72468683976,410.0,2,222222222222222222222222222222222332222222222222
uniform,uniform_000,0.4166666666666667,385.433050236777,16.059710426532373,0.9541821214027144,14.717040679455293,18.752630258664315,0.8489940095287616,True,Optimal,69940.37835034546,69600.37835034546,340.0,0,222222222222222222222222222222222222222222222222
uniform,uniform_001,0.4375,385.4330502367769,16.059710426532373,0.9278802914606232,14.72707558430595,18.907796410442213,0.7436268678454224,True,Optimal,69937.42982522072,69597.42982522072,340.0,0,222222222222222222222222222222222222222222222222
uniform,uniform_002,0.5416666666666666,385.433050236777,16.059710426532373,0.7779378294755944,14.660415013815987,18.165835431214973,0.7605352606869678,True,Optimal,69936.34379588354,69596.34379588354,340.0,0,222222222222222222222222222222222222222222222222
uniform,uniform_003,0.5,385.43305023677704,16.059710426532376,0.9860146905888858,14.4231046861782,18.365449648197558,0.7176473760139924,True,Optimal,69939.42631528132,69599.42631528132,340.0,0,222222222222222222222222222222222222222222222222
uniform,uniform_004,0.4791666666666667,385.433050236777,16.059710426532373,0.9740329216285114,14.195466242728248,18.633705575510152,0.9174539181134874,True,Optimal,69944.33596683745,69604.33596683745,340.0,0,222222222222222222222222222222222222222222222222
uniform,uniform_005,0.5625,385.433050236777,16.059710426532373,0.9478982143298437,14.463512138768005,18.901751471549908,0.7246510133451911,True,Optimal,69937.70422006649,69597.70422006649,340.0,0,222222222222222222222222222222222222222222222222
uniform,uniform_006,0.4583333333333333,385.43305023677704,16.059710426532376,0.868697081623357,14.434538858435685,18.40834962173295,0.9190688213682451,True,Optimal,69938.44779018784,69598.44779018784,340.0,0,222222222222222222222222222222222222222222222222
uniform,uniform_007,0.4583333333333333,385.4330502367769,16.059710426532373,0.8688978140177448,14.517049013397715,18.986754147457525,0.6749567941608033,True,Optimal,69937.19078409372,69597.19078409372,340.0,0,222222222222222222222222222222222222222222222222
uniform,uniform_008,0.5625,385.433050236777,16.059710426532376,0.8163840061364926,14.469553446142173,18.232492370186797,0.9201454516506079,True,Optimal,69937.02948299008,69597.02948299008,340.0,0,222222222222222222222222222222222222222222222222
uniform,uniform_009,0.4583333333333333,385.43305023677704,16.059710426532376,0.818031895144428,14.3622005708686,18.15660529619113,0.6677642522031291,True,Optimal,69939.85383446651,69599.85383446651,340.0,0,222222222222222222222222222222222222222222222222
uniform,uniform_010,0.4375,385.433050236777,16.059710426532373,0.9517308168095961,14.36126946465227,18.83097459871208,0.8855325615415314,True,Optimal,69939.9799605634,69599.9799605634,340.0,0,222222222222222222222222222222222222222222222222
uniform,uniform_011,0.4791666666666667,385.43305023677704,16.059710426532376,0.9718366305315769,14.553793983794828,18.734514809931092,0.81375825048397,True,Optimal,69942.49697251165,69602.49697251165,340.0,0,222222222222222222222222222222222222222222222222
uniform,uniform_012,0.5208333333333334,385.4330502367769,16.059710426532373,0.8614294930687373,14.458214136000489,18.25261886132302,0.7519894028811026,True,Optimal,69935.34954883963,69595.34954883963,340.0,0,222222222222222222222222222222222222222222222222
uniform,uniform_013,0.5,385.433050236777,16.059710426532373,0.8963409977807989,14.452764726107677,18.42657548940494,0.7782166174061345,True,Optimal,69938.52945606662,69598.52945606662,340.0,0,222222222222222222222222222222222222222222222222
uniform,uniform_014,0.375,385.433050236777,16.059710426532373,0.9188243023715024,14.24606674286361,18.219877506160874,0.7892784016772378,True,Optimal,69943.63858713093,69603.63858713093,340.0,0,222222222222222222222222222222222222222222222222
uniform,uniform_015,0.5416666666666666,385.433050236777,16.059710426532373,0.8094717797002113,14.508573312611135,18.154476940217233,0.6596857052300859,True,Optimal,69936.3687981254,69596.3687981254,340.0,0,222222222222222222222222222222222222222222222222
uniform,uniform_016,0.4791666666666667,385.433050236777,16.059710426532373,0.936413089072505,14.692866497222065,18.76873595112601,0.7911883308650823,True,Optimal,69940.51502179413,69600.51502179413,340.0,0,222222222222222222222222222222222222222222222222
uniform,uniform_017,0.5833333333333334,385.43305023677704,16.059710426532376,0.8811684714709143,14.332126012289669,18.770365345071575,0.805541674642929,True,Optimal,69940.50837983847,69600.50837983847,340.0,0,222222222222222222222222222222222222222222222222
uniform,uniform_018,0.5416666666666666,385.4330502367769,16.059710426532373,1.0325319426083293,14.386642578050935,18.856347712110743,0.8772626013056096,True,Optimal,69942.61582047527,69602.61582047527,340.0,0,222222222222222222222222222222222222222222222222
uniform,uniform_019,0.3958333333333333,385.43305023677704,16.059710426532373,0.9489952588097499,14.29708520038518,18.766790334444988,1.0132107881984105,True,Optimal,69943.8994692592,69603.8994692592,340.0,0,222222222222222222222222222222222222222222222222
uniform,uniform_020,0.6041666666666666,385.4330502367769,16.059710426532373,0.8538684807661914,14.559545319658866,18.74026614579513,0.7740346128042508,True,Optimal,69941.30426503244,69601.30426503244,340.0,0,222222222222222222222222222222222222222222222222
uniform,uniform_021,0.5,385.4330502367769,16.059710426532373,0.8943166159651349,14.575639088308687,18.338578012353313,0.7075366948619353,True,Optimal,69934.85113667957,69594.85113667957,340.0,0,222222222222222222222222222222222222222222222222
uniform,uniform_022,0.3125,385.433050236777,16.059710426532373,0.9268965180026251,14.434337567034387,18.228742292356916,0.8311932251099826,True,Optimal,69936.69025439557,69596.69025439557,340.0,0,222222222222222222222222222222222222222222222222
uniform,uniform_023,0.625,385.4330502367769,16.059710426532373,0.8551858498515054,14.337784644998907,18.311595408296167,0.9117870026195546,True,Optimal,69939.88650796152,69599.88650796152,340.0,0,222222222222222222222222222222222222222222222222
uniform,uniform_024,0.5208333333333334,385.433050236777,16.059710426532373,0.8780458712835424,14.403651338235296,18.049554965841395,0.7700825015210646,True,Optimal,69939.04022060928,69599.04022060928,340.0,0,222222222222222222222222222222222222222222222222
uniform,uniform_025,0.5208333333333334,385.433050236777,16.059710426532373,0.9018548922461637,14.420410802330041,18.890115936389847,0.6708420316142263,True,Optimal,69942.66451446281,69602.66451446281,340.0,0,222222222222222222222222222222222222222222222222
uniform,uniform_026,0.4583333333333333,385.43305023677704,16.059710426532376,1.006587207869868,14.366167972492326,18.804407305274232,0.9388344130117073,True,Optimal,69942.89298178906,69602.89298178906,340.0,0,222222222222222222222222222222222222222222222222
uniform,uniform_027,0.4583333333333333,385.4330502367769,16.059710426532373,0.964913559682401,14.499522786822828,18.969227920882638,0.9337906036773698,True,Optimal,69937.44072177053,69597.44072177053,340.0,0,222222222222222222222222222222222222222222222222
uniform,uniform_028,0.4583333333333333,385.433050236777,16.059710426532373,0.9250763608386423,14.655412409149292,18.34023886452301,0.7915895780294993,True,Optimal,69936.28812143022,69596.28812143022,340.0,0,222222222222222222222222222222222222222222222222
uniform,uniform_029,0.4791666666666667,385.433050236777,16.059710426532373,1.0239547195970569,14.380749249716192,18.850454383776,0.8365342894379867,True,Optimal,69944.65883607761,69604.65883607761,340.0,0,222222222222222222222222222222222222222222222222
uniform,uniform_030,0.5416666666666666,385.4330502367769,16.059710426532373,0.869394888097553,14.715050402767622,18.399876858141337,0.6766529426481959,True,Optimal,69936.83329509164,69596.83329509164,340.0,0,222222222222222222222222222222222222222222222222
uniform,uniform_031,0.6458333333333334,385.43305023677704,16.059710426532376,0.8713301582423703,14.399770977492784,18.83801031027469,0.8288072146716792,True,Optimal,69939.25515520529,69599.25515520529,340.0,0,222222222222222222222222222222222222222222222222
uniform,uniform_032,0.6041666666666666,385.433050236777,16.059710426532376,0.8693754013891284,14.319325230222322,18.26167019224168,0.7749444950645146,True,Optimal,69938.96281199026,69598.96281199026,340.0,0,222222222222222222222222222222222222222222222222
uniform,uniform_033,0.4791666666666667,385.433050236777,16.059710426532373,0.8609282386128058,14.585933995471676,18.12562920391815,0.8863793038617701,True,Optimal,69940.23502690553,69600.23502690553,340.0,0,222222222222222222222222222222222222222222222222
uniform,uniform_034,0.6041666666666666,385.43305023677704,16.059710426532376,0.7334009364395957,14.78076202030233,17.574314605380625,0.5947195890495598,True,Optimal,69935.96181715128,69595.96181715128,340.0,0,222222222222222222222222222222222222222222222222
uniform,uniform_035,0.5625,385.433050236777,16.059710426532373,0.8533133910437107,14.33201519956432,18.80172033362413,0.8029035338032923,True,Optimal,69942.64232371558,69602.64232371558,340.0,0,222222222222222222222222222222222222222222222222
uniform,uniform_036,0.625,385.43305023677704,16.059710426532376,0.7878179342840138,14.368905470351079,18.01480909795718,0.6969266114325346,True,Optimal,69939.62259855228,69599.62259855228,340.0,0,222222222222222222222222222222222222222222222222
uniform,uniform_037,0.4791666666666667,385.43305023677704,16.059710426532376,0.9143240893753398,14.270912527649989,18.244723290947253,0.8002703734249168,True,Optimal,69940.9522887628,69600.9522887628,340.0,0,222222222222222222222222222222222222222222222222
uniform,uniform_038,0.5208333333333334,385.43305023677704,16.059710426532373,0.9210819944129461,14.32109392663441,18.79079906069422,0.8101149990437059,True,Optimal,69943.61341313523,69603.61341313523,340.0,0,222222222222222222222222222222222222222222222222
uniform,uniform_039,0.5833333333333334,385.433050236777,16.059710426532376,0.796220654832642,14.385507755210968,18.327852717230325,0.8281111837070134,True,Optimal,69938.35315925538,69598.35315925538,340.0,0,222222222222222222222222222222222222222222222222
uniform,uniform_040,0.4583333333333333,385.4330502367769,16.059710426532373,1.0367562183971655,14.46557346344287,18.93527859750268,0.9653777054450957,True,Optimal,69941.85523743746,69601.85523743746,340.0,0,222222222222222222222222222222222222222222222222
uniform,uniform_041,0.6041666666666666,385.4330502367769,16.059710426532373,0.7704896944674897,14.762262957276816,18.111527510676982,0.728147043137973,True,Optimal,69934.37507443967,69594.37507443967,340.0,0,222222222222222222222222222222222222222222222222
uniform,uniform_042,0.4583333333333333,385.4330502367769,16.059710426532373,0.9288977346818696,14.740071687675737,18.77566126688476,0.8488007423464221,True,Optimal,69940.04950884148,69600.04950884148,340.0,0,222222222222222222222222222222222222222222222222
uniform,uniform_043,0.375,385.4330502367769,16.059710426532373,1.0708356816430682,14.539728918415355,18.720449744551615,0.9525656833905033,True,Optimal,69945.94029183936,69605.94029183936,340.0,0,222222222222222222222222222222222222222222222222
uniform,uniform_044,0.625,385.4330502367769,16.059710426532373,0.9077354094681098,14.404900807588495,18.8431401403704,0.981335393881997,True,Optimal,69938.3691269336,69598.3691269336,340.0,0,222222222222222222222222222222222222222222222222
uniform,uniform_045,0.4375,385.4330502367769,16.059710426532373,0.9690280614891466,14.672770985264771,18.853491811401035,0.8586960806247439,True,Optimal,69940.57820024145,69600.57820024145,340.0,0,222222222222222222222222222222222222222222222222
uniform,uniform_046,0.5,385.4330502367769,16.059710426532373,0.8697909843176366,14.698241086813303,18.733830666022325,0.9045314220591075,True,Optimal,69939.67819219644,69599.67819219644,340.0,0,222222222222222222222222222222222222222222222222
uniform,uniform_047,0.4375,385.433050236777,16.059710426532373,0.90299530057096,14.413549958077725,18.88325509213753,0.826315658816834,True,Optimal,69939.41330609524,69599.41330609524,340.0,0,222222222222222222222222222222222222222222222222
uniform,uniform_048,0.5,385.433050236777,16.059710426532376,1.0143050213441624,14.349480881640796,18.819186015700602,0.9087063134544241,True,Optimal,69944.31336403136,69604.31336403136,340.0,0,222222222222222222222222222222222222222222222222
uniform,uniform_049,0.5416666666666666,385.433050236777,16.059710426532376,0.8215310700846173,14.568716449603306,18.511061411622666,0.7682236390816772,True,Optimal,69934.11842266444,69594.11842266444,340.0,0,222222222222222222222222222222222222222222222222
uniform,uniform_050,0.6041666666666666,385.4330502367769,16.059710426532373,0.7975100813780275,14.218210894780551,18.68791602884036,0.7839485868255208,True,Optimal,69940.9387527148,69600.9387527148,340.0,0,222222222222222222222222222222222222222222222222
uniform,uniform_051,0.375,385.43305023677704,16.059710426532376,1.0741233439505316,14.596283378944445,18.631872958153465,0.8843882406118669,True,Optimal,69948.73347564081,69608.73347564081,340.0,0,222222222222222222222222222222222222222222222222
uniform,uniform_052,0.5625,385.43305023677704,16.059710426532376,0.8443254474908843,14.883094701134233,18.27558849276023,0.8241038797006871,True,Optimal,69935.36033843007,69595.36033843007,340.0,0,222222222222222222222222222222222222222222222222
uniform,uniform_053,0.5208333333333334,385.433050236777,16.059710426532373,0.9005616747332226,14.45374232788922,18.24814705321175,0.8059632980433399,True,Optimal,69938.61518552531,69598.61518552531,340.0,0,222222222222222222222222222222222222222222222222
uniform,uniform_054,0.3541666666666667,385.433050236777,16.059710426532373,1.0264153323773688,14.647709142078174,18.723578595982122,0.6998336671825791,True,Optimal,69943.97073074,69603.97073074,340.0,0,222222222222222222222222222222222222222222222222
uniform,uniform_055,0.4583333333333333,385.433050236777,16.059710426532376,0.9844875501189997,14.233575914890718,18.671815247672622,0.9591436487354222,True,Optimal,69945.97007675016,69605.97007675016,340.0,0,222222222222222222222222222222222222222222222222
uniform,uniform_056,0.4375,385.433050236777,16.059710426532373,0.8836359286342627,14.60882135556259,18.789542181698852,0.8421784932384839,True,Optimal,69939.57496451178,69599.57496451178,340.0,0,222222222222222222222222222222222222222222222222
uniform,uniform_057,0.4166666666666667,385.433050236777,16.059710426532373,0.9221061756720158,14.45212377398431,18.92182890804412,0.7401666648080641,True,Optimal,69936.97774632073,69596.97774632073,340.0,0,222222222222222222222222222222222222222222222222
uniform,uniform_058,0.5,385.43305023677704,16.059710426532376,0.8899122824905266,14.38554755350606,18.855252687565866,0.8379077618606332,True,Optimal,69940.83090733169,69600.83090733169,340.0,0,222222222222222222222222222222222222222222222222
uniform,uniform_059,0.5,385.433050236777,16.059710426532373,0.9919487108120387,14.240572029808073,18.71027716386788,0.9434616405317571,True,Optimal,69947.39008286888,69607.39008286888,340.0,0,222222222222222222222222222222222222222222222222
sbx_profile_proxy,sbx_000,0.9982479110961631,385.4330502367769,16.059710426532373,0.5484715661131239,14.378055354838787,16.975818060028786,0.35623863838893455,True,Optimal,69919.99799750153,69509.99799750153,410.0,2,222222222222222222222222222222222332222222222222
sbx_profile_proxy,sbx_001,1.0050321521726167,385.433050236777,16.059710426532373,0.5486514683077931,14.383418603175516,16.95286503176536,0.34180545626023556,True,Optimal,69920.48096671574,69510.48096671574,410.0,2,222222222222222222222222222222222332222222222222
sbx_profile_proxy,sbx_002,1.0025914997320764,385.4330502367769,16.059710426532373,0.5497990379021263,14.346003533604424,16.971091697035785,0.34618434671236625,True,Optimal,69920.1935679398,69510.1935679398,410.0,2,222222222222222222222222222222222332222222222222
sbx_profile_proxy,sbx_003,1.00323670207257,385.433050236777,16.059710426532376,0.5666801584454397,14.305507373373402,16.97339618910186,0.3521927571621393,True,Optimal,69934.72730108893,69594.72730108893,340.0,0,222222222222222222222222222222222222222222222222
sbx_profile_proxy,sbx_004,0.997959211145873,385.433050236777,16.059710426532373,0.5616097785707613,14.355480328626944,16.96705256313603,0.36097519548751744,True,Optimal,69921.26070405927,69511.26070405927,410.0,2,222222222222222222222222222222222332222222222222
sbx_profile_proxy,sbx_005,1.002141740076613,385.43305023677704,16.059710426532376,0.5425383193139339,14.416651919638682,16.980244378981414,0.3378636070697422,True,Optimal,69919.49786717638,69509.49786717638,410.0,2,222222222222222222222222222222222332222222222222
sbx_profile_proxy,sbx_006,1.0087777730825793,385.4330502367769,16.059710426532373,0.55101714002534,14.39421031512576,16.96426083909497,0.35153167294049187,True,Optimal,69920.60192562582,69510.60192562582,410.0,2,222222222222222222222222222222222332222222222222
sbx_profile_proxy,sbx_007,1.007891658811315,385.433050236777,16.059710426532376,0.5365926178525762,14.397310298790078,16.969082873042918,0.30503037881726586,True,Optimal,69919.63996278419,69509.63996278419,410.0,2,222222222222222222222222222222222332222222222222
sbx_profile_proxy,sbx_008,1.0039941519691953,385.433050236777,16.059710426532373,0.5500130018612357,14.398447715425805,16.97851071135296,0.34324518870781806,True,Optimal,69920.26236133816,69510.26236133816,410.0,2,222222222222222222222222222222222332222222222222
sbx_profile_proxy,sbx_009,1.0043500222193453,385.43305023677704,16.059710426532376,0.549571353543301,14.38687126810422,16.977669667446506,0.3282325551716828,True,Optimal,69920.5239493246,69510.5239493246,410.0,2,222222222222222222222222222222222332222222222222
sbx_profile_proxy,sbx_010,0.9973460538362051,385.43305023677704,16.059710426532376,0.5526141515313481,14.350434427553013,16.971133123775044,0.33985602153364386,True,Optimal,69920.09070819913,69510.09070819913,410.0,2,222222222222222222222222222222222332222222222222
sbx_profile_proxy,sbx_011,1.0000724321798904,385.4330502367769,16.059710426532373,0.5503995466810719,14.3265304744749,16.960736002724843,0.3206294058651503,True,Optimal,69920.65482420554,69510.65482420554,410.0,2,222222222222222222222222222222222332222222222222
sbx_profile_proxy,sbx_012,0.9983868314226939,385.43305023677704,16.059710426532373,0.5399739854353587,14.422144896346817,16.970957377993326,0.3334817661798762,True,Optimal,69923.04579669035,69513.04579669035,410.0,2,222222222222222222222222222222222332222222222222
sbx_profile_proxy,sbx_013,0.9958287465343364,385.433050236777,16.059710426532373,0.5493608087611116,14.359441570505444,17.000997579326516,0.35193892014205075,True,Optimal,69919.03089295852,69509.03089295852,410.0,2,222222222222222222222222222222222332222222222222
sbx_profile_proxy,sbx_014,1.0016451289569925,385.43305023677704,16.059710426532376,0.549126631585269,14.376236284896546,16.9650538219187,0.33690045348944275,True,Optimal,69919.71050142456,69509.71050142456,410.0,2,222222222222222222222222222222222332222222222222
sbx_profile_proxy,sbx_015,0.9975533611862292,385.433050236777,16.059710426532373,0.5445094085862591,14.405072495141786,16.980112431900167,0.3316309449839272,True,Optimal,69922.0944066576,69512.0944066576,410.0,2,222222222222222222222222222222222332222222222222
sbx_profile_proxy,sbx_016,1.0025091179066565,385.43305023677704,16.059710426532376,0.551960369547656,14.32922219748405,16.961695701861824,0.34877888889675895,True,Optimal,69920.39559316632,69510.39559316632,410.0,2,222222222222222222222222222222222332222222222222
sbx_profile_proxy,sbx_017,1.0020659398328238,385.433050236777,16.059710426532373,0.5545290352750895,14.319566955297024,16.96805314892141,0.34801169044442165,True,Optimal,69924.47860019785,69514.47860019785,410.0,2,222222222222222222222222222222222332222222222222
sbx_profile_proxy,sbx_018,0.9987750379449681,385.433050236777,16.059710426532373,0.5431995256214098,14.384856346743208,16.969415628327955,0.3281249629708686,True,Optimal,69922.29747447073,69512.29747447073,410.0,2,222222222222222222222222222222222332222222222222
sbx_profile_proxy,sbx_019,0.9993583690224416,385.4330502367769,16.059710426532373,0.548034986711465,14.380737618813367,16.97647538435854,0.32121956887287606,True,Optimal,69919.65345067524,69509.65345067524,410.0,2,222222222222222222222222222222222332222222222222
sbx_profile_proxy,sbx_020,0.9983781535680727,385.4330502367769,16.059710426532373,0.5535097246853453,14.37234830955019,16.971797865242017,0.3436354890308841,True,Optimal,69920.18569058577,69510.18569058577,410.0,2,222222222222222222222222222222222332222222222222
sbx_profile_proxy,sbx_021,0.9977628661233022,385.433050236777,16.059710426532373,0.5398132079512541,14.441834112900938,16.977346462936886,0.34571500058211163,True,Optimal,69919.41775689465,69509.41775689465,410.0,2,222222222222222222222222222222222332222222222222
sbx_profile_proxy,sbx_022,1.0064788532877185,385.433050236777,16.059710426532373,0.5467614363548047,14.404140627073488,16.97139893018577,0.33260612625916575,True,Optimal,69920.32459409794,69510.32459409794,410.0,2,222222222222222222222222222222222332222222222222
sbx_profile_proxy,sbx_023,0.9912278360490138,385.433050236777,16.059710426532373,0.5443762207674372,14.49284517763718,16.984334210648534,0.34962569407933314,True,Optimal,69921.16971725023,69511.16971725023,410.0,2,222222222222222222222222222222222332222222222222
sbx_profile_proxy,sbx_024,1.0031829424248009,385.433050236777,16.059710426532373,0.5477410226848477,14.381147922993218,16.972956885192787,0.33813721263897784,True,Optimal,69919.75808748338,69509.75808748338,410.0,2,222222222222222222222222222222222332222222222222
sbx_profile_proxy,sbx_025,1.0060813067509309,385.4330502367769,16.059710426532373,0.5526599064419252,14.301441482401547,16.985985563012928,0.336670449436457,True,Optimal,69920.1747941251,69510.1747941251,410.0,2,222222222222222222222222222222222332222222222222
sbx_profile_proxy,sbx_026,1.0031819252950391,385.43305023677704,16.059710426532376,0.5455157240460518,14.379753199909972,16.965898156293008,0.33313835539845105,True,Optimal,69919.86835622232,69509.86835622232,410.0,2,222222222222222222222222222222222332222222222222
sbx_profile_proxy,sbx_027,0.9958106572004537,385.43305023677704,16.059710426532376,0.5436419182685875,14.399850454105975,16.97136850686622,0.33244276681987056,True,Optimal,69918.79982757544,69508.79982757544,410.0,2,222222222222222222222222222222222332222222222222
sbx_profile_proxy,sbx_028,1.003303582431449,385.4330502367769,16.059710426532373,0.5436453052040208,14.481786492105112,16.969766525217448,0.33515185806581727,True,Optimal,69919.92973238659,69509.92973238659,410.0,2,222222222222222222222222222222222332222222222222
sbx_profile_proxy,sbx_029,1.0025103176335872,385.4330502367769,16.059710426532373,0.5487948669225383,14.396350230330212,16.96207368871316,0.3390808940520222,True,Optimal,69920.05301052607,69510.05301052607,410.0,2,222222222222222222222222222222222332222222222222
sbx_profile_proxy,sbx_030,1.0099162847922507,385.43305023677704,16.059710426532373,0.550624416396143,14.397984531108674,16.967289768412286,0.35773988387301486,True,Optimal,69921.2560140237,69511.2560140237,410.0,2,222222222222222222222222222222222332222222222222
sbx_profile_proxy,sbx_031,0.9979867571809947,385.433050236777,16.059710426532373,0.5447372194246232,14.429209212648766,16.97700334827216,0.34730502347256326,True,Optimal,69920.19065098303,69510.19065098303,410.0,2,222222222222222222222222222222222332222222222222
sbx_profile_proxy,sbx_032,1.004565651411286,385.4330502367769,16.059710426532373,0.545382107635177,14.396871907272738,16.981132654512443,0.3386845954131594,True,Optimal,69920.14096076293,69510.14096076293,410.0,2,222222222222222222222222222222222332222222222222
sbx_profile_proxy,sbx_033,0.9938389797924959,385.433050236777,16.059710426532373,0.543829056817135,14.384142910918865,16.963160471942118,0.3342340746087579,True,Optimal,69919.75101403671,69509.75101403671,410.0,2,222222222222222222222222222222222332222222222222
sbx_profile_proxy,sbx_034,0.9964344969745701,385.4330502367769,16.059710426532373,0.5447908428132315,14.35646221588532,16.96155925940778,0.34077454184880906,True,Optimal,69919.48905042527,69509.48905042527,410.0,2,222222222222222222222222222222222332222222222222
sbx_profile_proxy,sbx_035,0.9964168814078821,385.433050236777,16.059710426532373,0.5462465443043887,14.431708759287922,16.97042811792941,0.3405244601774002,True,Optimal,69919.52064569136,69509.52064569136,410.0,2,222222222222222222222222222222222332222222222222
sbx_profile_proxy,sbx_036,1.00191870167364,385.4330502367769,16.059710426532373,0.5461195171319438,14.450865947190772,16.984036540745272,0.3356527360761836,True,Optimal,69919.67095404843,69509.67095404843,410.0,2,222222222222222222222222222222222332222222222222
sbx_profile_proxy,sbx_037,1.0008312755734952,385.4330502367769,16.059710426532373,0.5425010001607248,14.405791686817354,16.971217521416907,0.3335470784478232,True,Optimal,69919.16854968874,69509.16854968874,410.0,2,222222222222222222222222222222222332222222222222
sbx_profile_proxy,sbx_038,0.9906905563969071,385.433050236777,16.059710426532373,0.5387718744186645,14.45755585002376,16.967028263126814,0.327328072338034,True,Optimal,69922.70172936433,69512.70172936433,410.0,2,222222222222222222222222222222222332222222222222
sbx_profile_proxy,sbx_039,1.0045946553139238,385.43305023677704,16.059710426532376,0.5438295233305123,14.41193954930505,16.967208251595512,0.34027198927289964,True,Optimal,69920.08149498542,69510.08149498542,410.0,2,222222222222222222222222222222222332222222222222
sbx_profile_proxy,sbx_040,1.0014755582095152,385.4330502367769,16.059710426532373,0.5478899058303094,14.389660616258745,16.958566174400698,0.34015524521983803,True,Optimal,69933.95294633506,69593.95294633506,340.0,0,222222222222222222222222222222222222222222222222
sbx_profile_proxy,sbx_041,0.9998263406361286,385.4330502367769,16.059710426532373,0.5498395283694465,14.361364796082382,16.96157023904365,0.3410230832306059,True,Optimal,69919.85431604345,69509.85431604345,410.0,2,222222222222222222222222222222222332222222222222
sbx_profile_proxy,sbx_042,0.9981418246345098,385.433050236777,16.059710426532373,0.5381756709500568,14.43519569504254,16.978813288059467,0.33042337994498144,True,Optimal,69919.48173133595,69509.48173133595,410.0,2,222222222222222222222222222222222332222222222222
sbx_profile_proxy,sbx_043,0.9983336521704486,385.433050236777,16.059710426532373,0.5502430577528591,14.34571952525852,16.965952370962746,0.3393597511139381,True,Optimal,69919.96557746538,69509.96557746538,410.0,2,222222222222222222222222222222222332222222222222
sbx_profile_proxy,sbx_044,1.008200716381075,385.433050236777,16.059710426532373,0.5527544711180093,14.406072577879074,16.973623112413463,0.35721540046520045,True,Optimal,69924.3149225215,69514.3149225215,410.0,2,222222222222222222222222222222222332222222222222
sbx_profile_proxy,sbx_045,0.9967894626267504,385.433050236777,16.059710426532376,0.5465569040242736,14.382243409976201,16.970459953833426,0.32596530584976946,True,Optimal,69920.59578843114,69510.59578843114,410.0,2,222222222222222222222222222222222332222222222222
sbx_profile_proxy,sbx_046,1.0051939347176182,385.43305023677704,16.059710426532373,0.5616453116008745,14.324239771495051,16.960520608212,0.33669663120620164,True,Optimal,69920.53107317712,69510.53107317712,410.0,2,222222222222222222222222222222222332222222222222
sbx_profile_proxy,sbx_047,1.0071118174724967,385.4330502367769,16.059710426532373,0.5550390646787692,14.406464170059214,16.979698081998432,0.34894544076813544,True,Optimal,69921.45310352684,69511.45310352684,410.0,2,222222222222222222222222222222222332222222222222
sbx_profile_proxy,sbx_048,1.007583934509375,385.433050236777,16.059710426532373,0.5552921703993383,14.36884268025484,16.974228655020703,0.35460846853820843,True,Optimal,69934.48275575243,69594.48275575243,340.0,0,222222222222222222222222222222222222222222222222
sbx_profile_proxy,sbx_049,1.0031576864973282,385.43305023677704,16.059710426532376,0.5447829174887272,14.404687677405976,16.963242114318398,0.3162900435896387,True,Optimal,69919.83667568801,69509.83667568801,410.0,2,222222222222222222222222222222222332222222222222
sbx_profile_proxy,sbx_050,1.0023339026045808,385.43305023677704,16.059710426532373,0.5418600961400878,14.386968949892548,16.967142589262192,0.33411097305792914,True,Optimal,69923.16381921002,69513.16381921002,410.0,2,222222222222222222222222222222222332222222222222
sbx_profile_proxy,sbx_051,1.0043681358165903,385.433050236777,16.059710426532373,0.5501962046420977,14.421530611244455,16.98138366182022,0.3552405406830849,True,Optimal,69919.86573904732,69509.86573904732,410.0,2,222222222222222222222222222222222332222222222222
sbx_profile_proxy,sbx_052,0.9957277771411791,385.4330502367769,16.059710426532373,0.5435549094592184,14.392388281162322,16.966676355548408,0.34516409902790746,True,Optimal,69922.82801825384,69512.82801825384,410.0,2,222222222222222222222222222222222332222222222222
sbx_profile_proxy,sbx_053,1.0059431903423335,385.4330502367771,16.059710426532376,0.5454544290562121,14.405256453864,16.972947539965723,0.3288465752947892,True,Optimal,69920.19786286974,69510.19786286974,410.0,2,222222222222222222222222222222222332222222222222
sbx_profile_proxy,sbx_054,0.9981744815034229,385.4330502367769,16.059710426532373,0.5442401399824959,14.373779051187833,16.97718172498175,0.34162123275253553,True,Optimal,69919.80666406392,69509.80666406392,410.0,2,222222222222222222222222222222222332222222222222
sbx_profile_proxy,sbx_055,0.9937257245809713,385.433050236777,16.059710426532373,0.5470354078500717,14.326136694100887,16.959008273634172,0.3371123074683203,True,Optimal,69919.50599604752,69509.50599604752,410.0,2,222222222222222222222222222222222332222222222222
sbx_profile_proxy,sbx_056,0.9885802072250206,385.4330502367769,16.059710426532373,0.5421276817682746,14.45601526113524,16.963718709103713,0.35077081845669045,True,Optimal,69922.07156809658,69512.07156809658,410.0,2,222222222222222222222222222222222332222222222222
sbx_profile_proxy,sbx_057,1.0025267441063515,385.43305023677704,16.059710426532376,0.5486053619756321,14.389251835880449,16.95748072591654,0.342162606495406,True,Optimal,69919.95345610187,69509.95345610187,410.0,2,222222222222222222222222222222222332222222222222
sbx_profile_proxy,sbx_058,1.0042854974741096,385.433050236777,16.059710426532376,0.5479924055522406,14.40161389370134,16.95262287039075,0.35132084404755515,True,Optimal,69920.07709493059,69510.07709493059,410.0,2,222222222222222222222222222222222332222222222222
sbx_profile_proxy,sbx_059,1.0029065526526457,385.4330502367769,16.059710426532373,0.5421414912457301,14.406893885401406,16.96908412519444,0.33781400951701357,True,Optimal,69919.27393101949,69509.27393101949,410.0,2,222222222222222222222222222222222332222222222222
